Дата и время;Объект;Широта;Долгота
01.09.2012 00:09;Объект_1;55.87205;37.68766
01.09.2012 00:20;Объект_1;55.8806;37.70185
01.09.2012 00:41;Объект_1;55.87205;37.68766
01.09.2012 09:24;Объект_2;55.68719;37.34484
01.09.2012 10:06;Объект_2;55.6803;37.29087
01.09.2012 10:39;Объект_2;55.6803;37.29087
01.09.2012 10:49;Объект_2;55.6803;37.29087
01.09.2012 11:12;Объект_2;55.6803;37.29087
01.09.2012 11:14;Объект_2;55.68666;37.29082
01.09.2012 11:53;Объект_2;55.68666;37.29082
01.09.2012 12:25;Объект_2;55.68777;37.30112
01.09.2012 12:51;Объект_2;55.665;37.2336
01.09.2012 13:09;Объект_2;55.62749;37.08721
01.09.2012 13:34;Объект_1;55.87205;37.68766
01.09.2012 15:29;Объект_2;55.62749;37.08721
01.09.2012 15:31;Объект_2;55.61888;37.13471
01.09.2012 15:34;Объект_2;55.63404;37.21619
01.09.2012 15:36;Объект_2;55.64833;37.2611
01.09.2012 15:38;Объект_2;55.6486;37.27009
01.09.2012 16:05;Объект_1;55.87205;37.68766
01.09.2012 18:26;Объект_1;55.8806;37.70185
01.09.2012 18:57;Объект_2;55.62749;37.08721
01.09.2012 19:15;Объект_2;55.62749;37.08721
01.09.2012 19:39;Объект_2;55.62749;37.08721
01.09.2012 19:51;Объект_2;55.62749;37.08721
01.09.2012 20:01;Объект_2;55.62749;37.08721
01.09.2012 20:02;Объект_1;55.88085;37.70183
01.09.2012 20:06;Объект_1;55.8806;37.70185
01.09.2012 20:26;Объект_1;55.87205;37.68766
01.09.2012 20:27;Объект_1;55.8806;37.70185
01.09.2012 20:46;Объект_1;55.87205;37.68766
01.09.2012 20:56;Объект_1;55.87205;37.68766
01.09.2012 20:57;Объект_1;55.88085;37.70183
01.09.2012 20:59;Объект_2;55.62749;37.08721
01.09.2012 22:26;Объект_1;55.87205;37.68766
01.09.2012 22:41;Объект_1;55.87205;37.68766
02.09.2012 00:04;Объект_1;55.87205;37.68766
02.09.2012 02:34;Объект_1;55.87205;37.68766
02.09.2012 03:26;Объект_1;55.76604;37.63513
02.09.2012 03:27;Объект_1;55.76791;37.63378
02.09.2012 03:36;Объект_1;55.76944;37.63381
02.09.2012 04:00;Объект_1;55.77895;37.60273
02.09.2012 04:34;Объект_1;55.77895;37.60273
02.09.2012 04:48;Объект_1;55.83855;37.55229
02.09.2012 04:57;Объект_1;55.83855;37.55229
02.09.2012 05:10;Объект_1;55.83855;37.55229
02.09.2012 05:12;Объект_1;55.83855;37.55229
02.09.2012 06:25;Объект_1;55.87205;37.68766
02.09.2012 10:48;Объект_2;55.62749;37.08721
02.09.2012 11:50;Объект_1;55.87205;37.68766
02.09.2012 12:10;Объект_2;55.62749;37.08721
02.09.2012 12:11;Объект_2;55.62749;37.08721
02.09.2012 12:12;Объект_2;55.62749;37.08721
02.09.2012 12:26;Объект_2;55.62749;37.08721
02.09.2012 12:50;Объект_2;55.62749;37.08721
02.09.2012 13:09;Объект_2;55.62749;37.08721
02.09.2012 13:42;Объект_2;55.62749;37.08721
02.09.2012 13:43;Объект_2;55.62749;37.08721
02.09.2012 14:50;Объект_2;55.68719;37.34484
02.09.2012 14:52;Объект_2;55.68719;37.34484
02.09.2012 14:56;Объект_2;55.70458;37.3603
02.09.2012 15:25;Объект_2;55.70458;37.3603
02.09.2012 15:27;Объект_2;55.71775;37.38613
02.09.2012 15:30;Объект_2;55.70458;37.3603
02.09.2012 15:31;Объект_2;55.76343;37.3721
02.09.2012 15:31;Объект_2;55.7722;37.37191
02.09.2012 15:35;Объект_2;55.7722;37.37191
02.09.2012 15:38;Объект_2;55.78443;37.37149
02.09.2012 15:46;Объект_2;55.80971;37.38582
02.09.2012 16:20;Объект_1;55.87205;37.68766
02.09.2012 16:37;Объект_2;55.81774;37.39374
02.09.2012 16:38;Объект_2;55.81774;37.39374
02.09.2012 16:40;Объект_2;55.81774;37.39374
02.09.2012 16:43;Объект_2;55.82252;37.38988
02.09.2012 16:45;Объект_2;55.81774;37.39374
02.09.2012 16:52;Объект_2;55.79264;37.37879
02.09.2012 16:55;Объект_2;55.7722;37.37191
02.09.2012 16:56;Объект_2;55.71213;37.38331
02.09.2012 16:57;Объект_2;55.72383;37.38732
02.09.2012 16:58;Объект_2;55.71229;37.38161
02.09.2012 16:58;Объект_2;55.71775;37.38613
02.09.2012 17:13;Объект_2;55.6803;37.29087
02.09.2012 17:17;Объект_2;55.6803;37.29087
02.09.2012 17:54;Объект_1;55.87205;37.68766
02.09.2012 17:59;Объект_1;55.87205;37.68766
02.09.2012 18:02;Объект_1;55.87205;37.68766
02.09.2012 19:11;Объект_1;55.87205;37.68766
02.09.2012 19:26;Объект_1;55.87205;37.68766
02.09.2012 19:29;Объект_1;55.87205;37.68766
02.09.2012 19:38;Объект_1;55.87205;37.68766
02.09.2012 19:42;Объект_1;55.87205;37.68766
02.09.2012 19:47;Объект_2;55.68833;37.32389
02.09.2012 19:57;Объект_2;55.68201;37.30728
02.09.2012 20:05;Объект_2;55.68201;37.30728
02.09.2012 20:06;Объект_2;55.68833;37.32389
02.09.2012 20:12;Объект_1;55.87205;37.68766
02.09.2012 20:21;Объект_2;58.6693;37.25109
02.09.2012 20:37;Объект_2;55.62749;37.08721
02.09.2012 20:38;Объект_2;55.62749;37.08721
02.09.2012 20:39;Объект_2;55.62749;37.08721
02.09.2012 20:41;Объект_1;55.87205;37.68766
02.09.2012 20:42;Объект_1;55.87205;37.68766
02.09.2012 20:43;Объект_2;55.62749;37.08721
02.09.2012 21:13;Объект_2;55.62749;37.08721
02.09.2012 21:20;Объект_2;55.62749;37.08721
02.09.2012 21:23;Объект_1;55.83148;37.53553
02.09.2012 21:41;Объект_1;55.83148;37.53553
02.09.2012 21:52;Объект_1;55.83148;37.53553
02.09.2012 21:53;Объект_1;55.83148;37.53553
02.09.2012 21:55;Объект_1;55.83148;37.53553
02.09.2012 22:04;Объект_1;55.83148;37.53553
02.09.2012 22:08;Объект_1;55.83148;37.53553
02.09.2012 22:38;Объект_1;55.83855;37.55229
02.09.2012 23:45;Объект_1;55.83148;37.53553
03.09.2012 00:20;Объект_1;55.8806;37.70185
03.09.2012 00:29;Объект_1;55.87205;37.68766
03.09.2012 03:46;Объект_1;55.68833;37.32389
03.09.2012 03:47;Объект_1;55.68833;37.32389
03.09.2012 03:48;Объект_1;55.68833;37.32389
03.09.2012 08:05;Объект_2;55.69721;37.21777
03.09.2012 08:25;Объект_2;55.68166;37.27167
03.09.2012 08:26;Объект_2;55.68666;37.29082
03.09.2012 08:29;Объект_2;55.6803;37.29087
03.09.2012 08:30;Объект_2;55.68166;37.27167
03.09.2012 08:32;Объект_2;55.6803;37.29087
03.09.2012 08:35;Объект_2;55.68201;37.30728
03.09.2012 08:36;Объект_2;55.68201;37.30728
03.09.2012 08:37;Объект_2;55.68666;37.29082
03.09.2012 08:58;Объект_2;55.71675;37.40245
03.09.2012 09:01;Объект_2;55.7186;37.41551
03.09.2012 09:05;Объект_2;55.7186;37.41551
03.09.2012 09:06;Объект_2;55.7186;37.41551
03.09.2012 09:07;Объект_2;55.7186;37.41551
03.09.2012 09:08;Объект_2;55.7223;37.4346
03.09.2012 09:09;Объект_2;55.7223;37.4346
03.09.2012 09:10;Объект_2;55.7223;37.4346
03.09.2012 09:14;Объект_2;55.72863;37.45883
03.09.2012 09:32;Объект_2;55.74901;37.55944
03.09.2012 09:33;Объект_2;55.74901;37.55944
03.09.2012 09:42;Объект_2;55.74901;37.55944
03.09.2012 09:47;Объект_1;55.87205;37.68766
03.09.2012 09:50;Объект_2;55.74901;37.55944
03.09.2012 09:51;Объект_2;55.74901;37.55944
03.09.2012 09:55;Объект_2;55.74901;37.55944
03.09.2012 10:12;Объект_2;55.74623;37.54652
03.09.2012 10:12;Объект_2;55.74901;37.55944
03.09.2012 10:15;Объект_2;55.75233;37.59938
03.09.2012 10:18;Объект_2;55.75254;37.59965
03.09.2012 10:22;Объект_2;55.76338;37.59465
03.09.2012 10:25;Объект_1;55.87205;37.68766
03.09.2012 10:25;Объект_2;55.76338;37.59465
03.09.2012 10:37;Объект_2;55.76338;37.59465
03.09.2012 10:44;Объект_2;55.76338;37.59465
03.09.2012 10:56;Объект_2;55.73807;37.51461
03.09.2012 11:03;Объект_2;55.73807;37.51461
03.09.2012 11:06;Объект_2;55.73807;37.51461
03.09.2012 11:07;Объект_2;55.73807;37.51461
03.09.2012 11:10;Объект_2;55.73807;37.51461
03.09.2012 11:13;Объект_2;55.73807;37.51461
03.09.2012 11:18;Объект_2;55.73807;37.51461
03.09.2012 11:19;Объект_2;55.73807;37.51461
03.09.2012 11:38;Объект_2;55.73807;37.51461
03.09.2012 11:41;Объект_2;55.73807;37.51461
03.09.2012 11:46;Объект_2;55.73033;37.50856
03.09.2012 11:48;Объект_2;55.74888;37.5595
03.09.2012 11:51;Объект_2;55.75144;37.56761
03.09.2012 11:55;Объект_2;55.75144;37.56761
03.09.2012 12:01;Объект_2;55.75144;37.56761
03.09.2012 12:02;Объект_2;55.75144;37.56761
03.09.2012 12:03;Объект_2;55.75144;37.56761
03.09.2012 12:19;Объект_2;55.75144;37.56761
03.09.2012 12:44;Объект_2;55.75144;37.56761
03.09.2012 12:45;Объект_2;55.75328;37.57748
03.09.2012 12:48;Объект_2;55.75167;37.56768
03.09.2012 12:53;Объект_2;55.75167;37.56768
03.09.2012 12:54;Объект_2;55.75167;37.56768
03.09.2012 12:57;Объект_2;55.75167;37.56768
03.09.2012 12:58;Объект_2;55.75167;37.56768
03.09.2012 12:59;Объект_2;55.75167;37.56768
03.09.2012 13:01;Объект_2;55.75167;37.56768
03.09.2012 13:03;Объект_2;55.75167;37.56768
03.09.2012 13:08;Объект_2;55.75167;37.56768
03.09.2012 13:09;Объект_2;55.75167;37.56768
03.09.2012 13:10;Объект_2;55.75167;37.56768
03.09.2012 13:11;Объект_2;55.75167;37.56768
03.09.2012 13:14;Объект_2;55.75299;37.57651
03.09.2012 13:16;Объект_2;55.75233;37.59938
03.09.2012 13:16;Объект_2;55.75291;37.595
03.09.2012 13:18;Объект_2;55.75291;37.595
03.09.2012 13:18;Объект_2;55.75365;37.60522
03.09.2012 13:21;Объект_2;55.7624;37.60403
03.09.2012 13:22;Объект_2;55.76576;37.60667
03.09.2012 13:23;Объект_2;55.76576;37.60667
03.09.2012 13:33;Объект_2;55.77827;37.58687
03.09.2012 13:43;Объект_2;55.77782;37.58847
03.09.2012 13:46;Объект_2;55.77782;37.58847
03.09.2012 13:49;Объект_2;55.77782;37.58847
03.09.2012 14:12;Объект_2;55.77827;37.58687
03.09.2012 14:15;Объект_2;55.77917;37.57703
03.09.2012 14:17;Объект_2;55.78482;37.57106
03.09.2012 14:23;Объект_2;55.73957;37.53155
03.09.2012 14:25;Объект_2;55.73802;37.51478
03.09.2012 14:32;Объект_2;55.73807;37.51461
03.09.2012 14:33;Объект_2;55.73807;37.51461
03.09.2012 14:37;Объект_2;55.73807;37.51461
03.09.2012 14:38;Объект_2;55.73807;37.51461
03.09.2012 14:39;Объект_2;55.73807;37.51461
03.09.2012 14:40;Объект_2;55.73807;37.51461
03.09.2012 14:41;Объект_2;55.73807;37.51461
03.09.2012 14:58;Объект_2;55.73807;37.51461
03.09.2012 15:12;Объект_2;55.74287;37.51398
03.09.2012 15:13;Объект_2;55.74287;37.51398
03.09.2012 15:14;Объект_2;55.74287;37.51398
03.09.2012 15:16;Объект_2;55.74332;37.50281
03.09.2012 15:17;Объект_2;55.74332;37.50281
03.09.2012 15:19;Объект_2;55.74998;37.49911
03.09.2012 15:21;Объект_2;55.74082;37.47832
03.09.2012 15:23;Объект_2;55.73624;37.46031
03.09.2012 15:23;Объект_2;55.74082;37.47832
03.09.2012 15:28;Объект_2;55.75453;37.43708
03.09.2012 15:40;Объект_2;55.7386;37.27277
03.09.2012 15:47;Объект_2;55.72417;37.28443
03.09.2012 15:50;Объект_2;55.72417;37.28443
03.09.2012 15:53;Объект_1;55.87205;37.68766
03.09.2012 15:54;Объект_2;55.70639;37.27199
03.09.2012 15:55;Объект_2;55.69403;37.27035
03.09.2012 16:08;Объект_2;55.71926;37.17811
03.09.2012 16:12;Объект_2;55.71916;37.18166
03.09.2012 16:22;Объект_2;55.72557;37.16016
03.09.2012 16:25;Объект_2;55.72557;37.16016
03.09.2012 16:26;Объект_2;55.71916;37.18166
03.09.2012 16:29;Объект_1;55.87205;37.68766
03.09.2012 16:31;Объект_2;55.71916;37.18166
03.09.2012 16:33;Объект_1;55.88085;37.70183
03.09.2012 16:34;Объект_1;55.87205;37.68766
03.09.2012 16:44;Объект_2;55.71916;37.18166
03.09.2012 16:45;Объект_2;55.71916;37.18166
03.09.2012 16:46;Объект_1;55.87205;37.68766
03.09.2012 16:46;Объект_2;55.71916;37.18166
03.09.2012 16:47;Объект_2;55.71916;37.18166
03.09.2012 16:47;Объект_2;55.72557;37.16016
03.09.2012 16:48;Объект_2;55.72557;37.16016
03.09.2012 16:50;Объект_2;55.72557;37.16016
03.09.2012 16:54;Объект_2;55.72557;37.16016
03.09.2012 17:08;Объект_2;55.72557;37.16016
03.09.2012 17:12;Объект_2;55.72557;37.16016
03.09.2012 17:13;Объект_2;55.72557;37.16016
03.09.2012 17:15;Объект_2;55.72557;37.16016
03.09.2012 17:17;Объект_1;55.87205;37.68766
03.09.2012 17:38;Объект_2;55.72557;37.16016
03.09.2012 17:39;Объект_2;55.72557;37.16016
03.09.2012 17:54;Объект_2;55.75999;37.34888
03.09.2012 17:55;Объект_2;55.76343;37.3721
03.09.2012 17:57;Объект_2;55.66049;37.4063
03.09.2012 17:57;Объект_2;55.71213;37.38331
03.09.2012 17:59;Объект_2;55.72383;37.38732
03.09.2012 18:14;Объект_2;55.7223;37.4346
03.09.2012 18:15;Объект_2;55.72863;37.45883
03.09.2012 18:22;Объект_2;55.69749;37.50278
03.09.2012 18:24;Объект_2;55.7084;37.50891
03.09.2012 18:26;Объект_2;55.69044;37.49425
03.09.2012 18:27;Объект_2;55.69042;37.47922
03.09.2012 18:36;Объект_2;55.69039;37.46123
03.09.2012 18:39;Объект_2;55.68471;37.42963
03.09.2012 18:40;Объект_1;55.87205;37.68766
03.09.2012 18:54;Объект_1;55.88085;37.70183
03.09.2012 19:01;Объект_2;55.70664;37.3937
03.09.2012 19:03;Объект_2;55.70664;37.3937
03.09.2012 19:04;Объект_2;55.71775;37.38613
03.09.2012 19:05;Объект_2;55.71775;37.38613
03.09.2012 19:07;Объект_2;55.71213;37.38331
03.09.2012 19:13;Объект_2;55.68833;37.32389
03.09.2012 19:15;Объект_2;55.68833;37.32389
03.09.2012 19:16;Объект_2;55.68833;37.32389
03.09.2012 19:18;Объект_2;55.68833;37.32389
03.09.2012 19:20;Объект_2;55.68777;37.30112
03.09.2012 19:23;Объект_1;55.87205;37.68766
03.09.2012 19:25;Объект_1;55.87205;37.68766
03.09.2012 19:26;Объект_1;55.87205;37.68766
03.09.2012 19:28;Объект_2;55.68777;37.30112
03.09.2012 19:35;Объект_2;55.68666;37.29082
03.09.2012 19:37;Объект_2;55.6803;37.29087
03.09.2012 19:45;Объект_1;55.87205;37.68766
03.09.2012 19:47;Объект_2;55.6803;37.29087
03.09.2012 19:55;Объект_2;55.6803;37.29087
03.09.2012 19:59;Объект_2;55.66339;37.2507
03.09.2012 20:00;Объект_2;55.66339;37.2507
03.09.2012 20:01;Объект_2;55.665;37.2336
03.09.2012 20:25;Объект_2;55.62749;37.08721
03.09.2012 20:31;Объект_1;55.87205;37.68766
03.09.2012 20:36;Объект_2;55.62749;37.08721
03.09.2012 20:37;Объект_2;55.62749;37.08721
03.09.2012 20:38;Объект_2;55.62749;37.08721
03.09.2012 20:39;Объект_1;55.88085;37.70183
03.09.2012 20:39;Объект_2;55.62749;37.08721
03.09.2012 20:40;Объект_2;55.62749;37.08721
03.09.2012 20:41;Объект_2;55.62749;37.08721
03.09.2012 20:44;Объект_2;55.62749;37.08721
03.09.2012 20:45;Объект_2;55.62749;37.08721
03.09.2012 21:00;Объект_1;55.87205;37.68766
03.09.2012 21:05;Объект_2;55.62749;37.08721
03.09.2012 21:07;Объект_2;55.62749;37.08721
03.09.2012 21:08;Объект_2;55.62749;37.08721
03.09.2012 21:14;Объект_2;55.62749;37.08721
03.09.2012 21:15;Объект_2;55.62749;37.08721
03.09.2012 21:22;Объект_2;55.62749;37.08721
03.09.2012 21:30;Объект_1;55.87205;37.68766
03.09.2012 21:41;Объект_1;55.85025;37.60165
03.09.2012 22:04;Объект_1;55.81356;37.48096
03.09.2012 22:05;Объект_1;55.80215;37.49983
03.09.2012 22:22;Объект_1;55.7928;37.49515
03.09.2012 22:31;Объект_1;55.81546;37.51541
03.09.2012 22:40;Объект_1;55.82703;37.56003
03.09.2012 22:41;Объект_1;55.82703;37.56003
03.09.2012 22:55;Объект_1;55.82703;37.56003
03.09.2012 23:06;Объект_1;55.86328;37.46562
03.09.2012 23:16;Объект_1;55.87133;37.40771
03.09.2012 23:23;Объект_1;55.71213;37.38331
03.09.2012 23:41;Объект_1;55.54734;37.56708
04.09.2012 00:00;Объект_1;55.57223;37.57325
04.09.2012 00:13;Объект_1;55.61495;37.48839
04.09.2012 01:30;Объект_1;55.68833;37.32389
04.09.2012 01:31;Объект_1;55.68833;37.32389
04.09.2012 01:37;Объект_1;55.68833;37.32389
04.09.2012 05:48;Объект_1;55.87205;37.68766
04.09.2012 07:45;Объект_2;55.69721;37.21777
04.09.2012 07:46;Объект_2;55.69721;37.21777
04.09.2012 08:01;Объект_2;55.6803;37.29087
04.09.2012 08:12;Объект_2;55.68666;37.29082
04.09.2012 08:52;Объект_2;55.70458;37.3603
04.09.2012 09:28;Объект_1;55.87205;37.68766
04.09.2012 09:38;Объект_2;55.74332;37.50281
04.09.2012 09:39;Объект_2;55.74998;37.49911
04.09.2012 09:42;Объект_2;55.75363;37.54183
04.09.2012 09:42;Объект_2;55.75516;37.54663
04.09.2012 09:44;Объект_2;55.75529;37.54706
04.09.2012 09:55;Объект_2;55.75189;37.5671
04.09.2012 09:57;Объект_2;55.75189;37.5671
04.09.2012 10:05;Объект_2;55.75799;37.56253
04.09.2012 10:12;Объект_2;55.75799;37.56253
04.09.2012 10:15;Объект_2;55.75189;37.5671
04.09.2012 10:25;Объект_2;55.75189;37.5671
04.09.2012 10:37;Объект_2;55.75189;37.5671
04.09.2012 10:42;Объект_2;55.74489;37.56787
04.09.2012 11:01;Объект_2;55.74718;37.69506
04.09.2012 11:06;Объект_2;55.7336;37.71429
04.09.2012 11:08;Объект_2;55.73357;37.71467
04.09.2012 11:15;Объект_2;55.73357;37.71467
04.09.2012 11:31;Объект_2;55.73357;37.71467
04.09.2012 11:34;Объект_2;55.74752;37.70682
04.09.2012 11:36;Объект_2;55.74752;37.70682
04.09.2012 11:37;Объект_2;55.74752;37.70682
04.09.2012 11:41;Объект_2;55.73363;37.71252
04.09.2012 11:51;Объект_2;55.72724;37.7564
04.09.2012 12:06;Объект_2;55.73218;37.76641
04.09.2012 12:08;Объект_2;55.72724;37.7564
04.09.2012 12:11;Объект_2;55.72122;37.74351
04.09.2012 12:12;Объект_2;55.71788;37.72497
04.09.2012 12:12;Объект_2;55.72122;37.74351
04.09.2012 12:13;Объект_2;55.71788;37.72497
04.09.2012 12:14;Объект_2;55.71788;37.72497
04.09.2012 12:18;Объект_2;55.71833;37.7043
04.09.2012 12:22;Объект_2;55.70835;37.65864
04.09.2012 12:27;Объект_2;55.70653;37.58982
04.09.2012 12:27;Объект_2;55.711;37.57666
04.09.2012 12:30;Объект_2;55.73957;37.53155
04.09.2012 12:30;Объект_2;55.78985;37.47506
04.09.2012 12:31;Объект_2;55.74613;37.54809
04.09.2012 12:31;Объект_2;55.74623;37.54652
04.09.2012 12:32;Объект_2;55.74623;37.54652
04.09.2012 12:35;Объект_2;55.74518;37.56771
04.09.2012 12:39;Объект_2;55.74402;37.56179
04.09.2012 12:40;Объект_2;55.74402;37.56179
04.09.2012 12:42;Объект_2;55.74393;37.56357
04.09.2012 12:46;Объект_2;55.74402;37.56179
04.09.2012 12:51;Объект_2;55.74402;37.56179
04.09.2012 12:58;Объект_2;55.74402;37.56179
04.09.2012 12:59;Объект_2;55.74393;37.56357
04.09.2012 13:00;Объект_2;55.74393;37.56357
04.09.2012 13:00;Объект_2;55.74402;37.56179
04.09.2012 13:17;Объект_2;55.74393;37.56357
04.09.2012 13:18;Объект_2;55.74399;37.55335
04.09.2012 13:19;Объект_2;55.74399;37.55335
04.09.2012 13:23;Объект_2;55.74528;37.58242
04.09.2012 13:28;Объект_2;55.76374;37.59077
04.09.2012 13:30;Объект_2;55.76338;37.59465
04.09.2012 13:33;Объект_2;55.76488;37.60192
04.09.2012 13:38;Объект_1;55.87205;37.68766
04.09.2012 13:38;Объект_2;55.76422;37.59836
04.09.2012 13:40;Объект_1;55.87205;37.68766
04.09.2012 14:47;Объект_2;55.76367;37.58914
04.09.2012 14:49;Объект_2;55.76338;37.59465
04.09.2012 14:49;Объект_2;55.76364;37.59091
04.09.2012 14:51;Объект_2;55.76338;37.59465
04.09.2012 14:53;Объект_2;55.77092;37.60216
04.09.2012 14:54;Объект_2;55.77092;37.60216
04.09.2012 14:56;Объект_2;55.77325;37.62221
04.09.2012 14:59;Объект_2;55.77325;37.62221
04.09.2012 15:01;Объект_2;55.78091;37.61573
04.09.2012 15:03;Объект_2;55.79328;37.61317
04.09.2012 15:07;Объект_2;55.79777;37.60929
04.09.2012 15:09;Объект_2;55.79726;37.60013
04.09.2012 15:11;Объект_2;55.79793;37.61098
04.09.2012 15:13;Объект_2;55.80516;37.60821
04.09.2012 15:20;Объект_2;55.80516;37.60821
04.09.2012 15:23;Объект_1;55.87205;37.68766
04.09.2012 15:39;Объект_1;55.87205;37.68766
04.09.2012 15:45;Объект_2;55.79793;37.61098
04.09.2012 15:45;Объект_2;55.80516;37.60821
04.09.2012 15:47;Объект_2;55.79793;37.61098
04.09.2012 15:49;Объект_2;55.80517;37.60644
04.09.2012 15:50;Объект_2;55.79726;37.60013
04.09.2012 15:51;Объект_2;55.7918;37.60488
04.09.2012 15:51;Объект_2;55.79726;37.60013
04.09.2012 15:54;Объект_2;55.79081;37.58694
04.09.2012 15:55;Объект_2;55.79141;37.58198
04.09.2012 15:56;Объект_2;55.79135;37.58182
04.09.2012 15:58;Объект_2;55.78377;37.56197
04.09.2012 16:00;Объект_2;55.78482;37.57106
04.09.2012 16:03;Объект_2;55.77904;37.56138
04.09.2012 16:08;Объект_2;55.73255;37.53577
04.09.2012 16:09;Объект_2;55.73255;37.53577
04.09.2012 16:10;Объект_2;55.73957;37.53155
04.09.2012 16:11;Объект_2;55.73957;37.53155
04.09.2012 16:14;Объект_2;55.73957;37.53155
04.09.2012 16:29;Объект_2;55.73807;37.51461
04.09.2012 16:33;Объект_2;55.73807;37.51461
04.09.2012 16:38;Объект_2;55.73807;37.51461
04.09.2012 16:41;Объект_1;55.87205;37.68766
04.09.2012 16:41;Объект_2;55.74332;37.50281
04.09.2012 16:42;Объект_2;55.73894;37.48685
04.09.2012 16:43;Объект_2;55.73894;37.48685
04.09.2012 16:45;Объект_1;55.88085;37.70183
04.09.2012 16:47;Объект_2;55.73276;37.48355
04.09.2012 16:48;Объект_2;55.73427;37.49663
04.09.2012 16:50;Объект_2;55.73185;37.48915
04.09.2012 16:54;Объект_2;55.72903;37.4582
04.09.2012 16:56;Объект_1;55.88085;37.70183
04.09.2012 16:57;Объект_2;55.7223;37.4346
04.09.2012 17:01;Объект_1;55.87205;37.68766
04.09.2012 17:02;Объект_2;55.7186;37.41551
04.09.2012 17:17;Объект_2;55.68201;37.30728
04.09.2012 17:20;Объект_2;55.6803;37.29087
04.09.2012 17:20;Объект_2;55.68666;37.29082
04.09.2012 17:27;Объект_2;55.68201;37.30728
04.09.2012 17:29;Объект_2;55.68201;37.30728
04.09.2012 18:37;Объект_2;55.68201;37.30728
04.09.2012 18:40;Объект_1;55.87205;37.68766
04.09.2012 18:40;Объект_2;55.68201;37.30728
04.09.2012 18:57;Объект_2;55.66638;37.3186
04.09.2012 18:57;Объект_2;55.68833;37.32389
04.09.2012 18:59;Объект_2;55.68201;37.30728
04.09.2012 19:00;Объект_2;55.68833;37.32389
04.09.2012 19:03;Объект_2;55.6803;37.29087
04.09.2012 19:05;Объект_2;55.6803;37.29087
04.09.2012 19:07;Объект_2;55.66361;37.2703
04.09.2012 19:07;Объект_2;55.67276;37.27978
04.09.2012 19:09;Объект_2;55.665;37.2336
04.09.2012 19:10;Объект_2;55.66339;37.2507
04.09.2012 19:11;Объект_2;55.66339;37.2507
04.09.2012 19:11;Объект_2;55.665;37.2336
04.09.2012 19:18;Объект_2;55.63281;37.20328
04.09.2012 20:36;Объект_2;55.62749;37.08721
04.09.2012 20:44;Объект_2;55.62749;37.08721
04.09.2012 21:01;Объект_1;55.87205;37.68766
04.09.2012 21:02;Объект_2;55.62749;37.08721
04.09.2012 21:12;Объект_2;55.62749;37.08721
04.09.2012 21:19;Объект_1;55.8806;37.70185
04.09.2012 21:57;Объект_1;55.8806;37.70185
04.09.2012 21:59;Объект_1;55.8806;37.70185
04.09.2012 22:01;Объект_1;55.8806;37.70185
04.09.2012 22:07;Объект_1;55.8806;37.70185
04.09.2012 22:18;Объект_1;55.8806;37.70185
04.09.2012 23:19;Объект_1;55.8806;37.70185
04.09.2012 23:28;Объект_1;55.8806;37.70185
04.09.2012 23:34;Объект_1;55.8806;37.70185
05.09.2012 00:01;Объект_1;55.8806;37.70185
05.09.2012 05:45;Объект_1;55.8806;37.70185
05.09.2012 09:38;Объект_2;55.73666;37.25193
05.09.2012 09:50;Объект_2;55.73666;37.25193
05.09.2012 09:56;Объект_2;55.73666;37.25193
05.09.2012 10:00;Объект_2;55.73666;37.25193
05.09.2012 10:02;Объект_2;55.73666;37.25193
05.09.2012 10:08;Объект_2;55.73102;37.19587
05.09.2012 10:10;Объект_2;55.72192;37.20515
05.09.2012 10:13;Объект_2;55.71916;37.18166
05.09.2012 10:14;Объект_2;55.69721;37.21777
05.09.2012 10:15;Объект_2;55.69721;37.21777
05.09.2012 10:28;Объект_2;55.68166;37.27167
05.09.2012 10:30;Объект_2;55.68166;37.27167
05.09.2012 10:32;Объект_2;55.92927;37.82682
05.09.2012 10:33;Объект_2;55.67667;37.26647
05.09.2012 10:35;Объект_2;55.67276;37.27978
05.09.2012 10:36;Объект_2;55.67276;37.27978
05.09.2012 10:39;Объект_2;55.6765;37.26805
05.09.2012 10:43;Объект_2;55.68666;37.29082
05.09.2012 10:46;Объект_2;55.68777;37.30112
05.09.2012 10:50;Объект_2;55.6803;37.29087
05.09.2012 10:53;Объект_2;55.6803;37.29087
05.09.2012 10:58;Объект_2;55.68666;37.29082
05.09.2012 11:04;Объект_2;55.68666;37.29082
05.09.2012 11:06;Объект_2;55.68777;37.30112
05.09.2012 11:07;Объект_2;55.68201;37.30728
05.09.2012 11:09;Объект_2;55.68201;37.30728
05.09.2012 11:11;Объект_2;55.68201;37.30728
05.09.2012 11:13;Объект_2;55.68201;37.30728
05.09.2012 11:16;Объект_2;55.68833;37.32389
05.09.2012 11:19;Объект_2;55.70458;37.3603
05.09.2012 11:22;Объект_2;55.70458;37.3603
05.09.2012 11:27;Объект_2;55.70458;37.3603
05.09.2012 11:33;Объект_2;55.7186;37.41551
05.09.2012 11:34;Объект_2;55.7186;37.41551
05.09.2012 11:35;Объект_2;55.7186;37.41551
05.09.2012 11:38;Объект_2;55.72253;37.42316
05.09.2012 11:39;Объект_2;55.71802;37.44635
05.09.2012 11:43;Объект_2;55.71802;37.44635
05.09.2012 11:44;Объект_2;55.71802;37.44635
05.09.2012 11:45;Объект_2;55.71802;37.44635
05.09.2012 12:01;Объект_1;55.87205;37.68766
05.09.2012 12:04;Объект_1;55.87205;37.68766
05.09.2012 12:06;Объект_1;55.88085;37.70183
05.09.2012 12:06;Объект_2;55.73175;37.48849
05.09.2012 12:14;Объект_2;55.73807;37.51461
05.09.2012 12:16;Объект_2;55.73807;37.51461
05.09.2012 12:19;Объект_2;55.73807;37.51461
05.09.2012 12:29;Объект_1;55.88085;37.70183
05.09.2012 12:29;Объект_2;55.73807;37.51461
05.09.2012 12:30;Объект_2;55.73807;37.51461
05.09.2012 12:31;Объект_1;55.87205;37.68766
05.09.2012 12:34;Объект_1;55.87205;37.68766
05.09.2012 12:35;Объект_1;55.8806;37.70185
05.09.2012 12:37;Объект_2;55.73033;37.50856
05.09.2012 12:38;Объект_2;55.73957;37.53155
05.09.2012 12:40;Объект_1;55.87205;37.68766
05.09.2012 12:41;Объект_2;55.73339;37.54856
05.09.2012 12:48;Объект_2;55.7107;37.57827
05.09.2012 12:52;Объект_2;55.72719;37.61301
05.09.2012 12:56;Объект_2;55.72719;37.61301
05.09.2012 12:56;Объект_2;55.72727;37.61816
05.09.2012 12:57;Объект_2;55.72697;37.61278
05.09.2012 12:57;Объект_2;55.72727;37.61816
05.09.2012 12:58;Объект_2;55.72697;37.61278
05.09.2012 13:07;Объект_2;55.72719;37.61301
05.09.2012 13:07;Объект_2;55.72727;37.61816
05.09.2012 13:08;Объект_1;55.87205;37.68766
05.09.2012 13:08;Объект_2;55.72697;37.61278
05.09.2012 13:08;Объект_2;55.72727;37.61816
05.09.2012 13:12;Объект_1;55.8806;37.70185
05.09.2012 13:15;Объект_1;55.8806;37.70185
05.09.2012 13:18;Объект_1;55.87205;37.68766
05.09.2012 13:25;Объект_1;55.87205;37.68766
05.09.2012 13:25;Объект_2;55.72719;37.61301
05.09.2012 13:26;Объект_2;55.72719;37.61301
05.09.2012 13:27;Объект_2;55.72719;37.61301
05.09.2012 13:27;Объект_2;55.72866;37.62055
05.09.2012 13:28;Объект_2;55.72998;37.61124
05.09.2012 13:29;Объект_1;55.87205;37.68766
05.09.2012 13:29;Объект_2;55.72861;37.63433
05.09.2012 13:31;Объект_2;55.73331;37.64342
05.09.2012 13:34;Объект_2;55.73884;37.65686
05.09.2012 13:35;Объект_2;55.73884;37.65686
05.09.2012 13:35;Объект_2;55.74305;37.6561
05.09.2012 13:36;Объект_2;55.73994;37.66431
05.09.2012 13:37;Объект_2;55.73986;37.66445
05.09.2012 13:37;Объект_2;55.73994;37.66431
05.09.2012 13:40;Объект_2;55.73986;37.66445
05.09.2012 13:41;Объект_2;55.73986;37.66445
05.09.2012 13:42;Объект_1;55.87205;37.68766
05.09.2012 13:55;Объект_2;55.73656;37.69664
05.09.2012 13:57;Объект_2;55.73646;37.69697
05.09.2012 14:06;Объект_2;55.72956;37.73468
05.09.2012 14:10;Объект_2;55.73218;37.76641
05.09.2012 14:11;Объект_2;55.73218;37.76641
05.09.2012 14:21;Объект_1;55.87205;37.68766
05.09.2012 14:30;Объект_2;55.73218;37.76641
05.09.2012 14:31;Объект_2;55.73236;37.76622
05.09.2012 14:32;Объект_2;55.72724;37.7564
05.09.2012 14:33;Объект_2;55.72724;37.7564
05.09.2012 14:34;Объект_2;55.72724;37.7564
05.09.2012 14:35;Объект_2;55.72122;37.74351
05.09.2012 14:36;Объект_2;55.72122;37.74351
05.09.2012 14:39;Объект_2;55.72956;37.73468
05.09.2012 14:41;Объект_2;55.72956;37.73468
05.09.2012 14:42;Объект_2;55.71788;37.72497
05.09.2012 14:45;Объект_2;55.70677;37.72769
05.09.2012 14:46;Объект_2;55.71255;37.72418
05.09.2012 14:48;Объект_2;55.71833;37.7043
05.09.2012 14:51;Объект_2;55.7222;37.70384
05.09.2012 14:52;Объект_2;55.71244;37.67932
05.09.2012 14:53;Объект_2;55.69997;37.64458
05.09.2012 14:53;Объект_2;55.70421;37.64714
05.09.2012 14:54;Объект_2;55.70481;37.64715
05.09.2012 14:55;Объект_2;55.70098;37.6276
05.09.2012 15:02;Объект_2;55.73255;37.53577
05.09.2012 15:02;Объект_2;55.73339;37.54856
05.09.2012 15:04;Объект_2;55.73957;37.53155
05.09.2012 15:05;Объект_2;55.73957;37.53155
05.09.2012 15:07;Объект_2;55.73033;37.50856
05.09.2012 15:10;Объект_1;55.87205;37.68766
05.09.2012 15:20;Объект_2;55.7316;37.48849
05.09.2012 15:20;Объект_2;55.73262;37.48348
05.09.2012 15:22;Объект_2;55.7316;37.48849
05.09.2012 15:27;Объект_2;55.72674;37.49721
05.09.2012 15:33;Объект_1;55.8689;37.67877
05.09.2012 15:34;Объект_2;55.73207;37.49085
05.09.2012 15:40;Объект_2;55.73207;37.49085
05.09.2012 15:44;Объект_2;55.73207;37.49085
05.09.2012 15:48;Объект_1;55.84889;37.58948
05.09.2012 15:56;Объект_1;55.83507;37.57352
05.09.2012 15:59;Объект_1;55.82664;37.57365
05.09.2012 16:07;Объект_2;55.73207;37.49085
05.09.2012 16:14;Объект_2;55.73207;37.49085
05.09.2012 16:32;Объект_1;55.82632;37.57355
05.09.2012 16:44;Объект_2;55.73207;37.49085
05.09.2012 17:04;Объект_1;55.82632;37.57355
05.09.2012 17:06;Объект_1;55.82635;37.57178
05.09.2012 17:10;Объект_1;55.82632;37.57355
05.09.2012 17:22;Объект_1;55.82635;37.57178
05.09.2012 17:23;Объект_2;55.73207;37.49085
05.09.2012 17:28;Объект_1;55.82664;37.57365
05.09.2012 17:33;Объект_1;55.82632;37.57355
05.09.2012 17:38;Объект_2;55.73207;37.49085
05.09.2012 17:41;Объект_2;55.73262;37.48348
05.09.2012 17:43;Объект_2;55.73133;37.4881
05.09.2012 17:44;Объект_2;55.72863;37.45883
05.09.2012 17:47;Объект_1;55.82632;37.57355
05.09.2012 17:50;Объект_1;55.82664;37.57365
05.09.2012 17:52;Объект_2;55.7186;37.41551
05.09.2012 17:53;Объект_2;55.7186;37.41551
05.09.2012 18:00;Объект_2;55.71213;37.38331
05.09.2012 18:01;Объект_2;55.70458;37.3603
05.09.2012 18:10;Объект_2;55.68201;37.30728
05.09.2012 18:11;Объект_2;55.68833;37.32389
05.09.2012 18:12;Объект_2;55.68833;37.32389
05.09.2012 18:22;Объект_2;55.68777;37.30112
05.09.2012 18:28;Объект_2;55.6803;37.29087
05.09.2012 18:54;Объект_2;55.6803;37.29087
05.09.2012 19:04;Объект_2;55.665;37.2336
05.09.2012 19:07;Объект_2;55.91176;37.39215
05.09.2012 19:25;Объект_2;55.62749;37.08721
05.09.2012 19:26;Объект_2;55.62749;37.08721
05.09.2012 19:31;Объект_1;55.81541;37.63959
05.09.2012 19:32;Объект_1;55.81558;37.63964
05.09.2012 19:32;Объект_2;55.63277;37.125
05.09.2012 19:33;Объект_1;55.81229;37.63817
05.09.2012 19:57;Объект_2;55.62749;37.08721
05.09.2012 20:03;Объект_2;55.62749;37.08721
05.09.2012 20:05;Объект_2;55.62749;37.08721
05.09.2012 20:07;Объект_2;55.62749;37.08721
05.09.2012 20:21;Объект_2;55.62429;37.09819
05.09.2012 20:21;Объект_2;55.62749;37.08721
05.09.2012 20:30;Объект_2;55.62749;37.08721
05.09.2012 20:35;Объект_2;55.63277;37.125
05.09.2012 20:48;Объект_1;55.87205;37.68766
05.09.2012 20:55;Объект_2;55.62749;37.08721
05.09.2012 21:08;Объект_2;55.62749;37.08721
05.09.2012 21:11;Объект_2;55.62749;37.08721
05.09.2012 21:26;Объект_2;55.62749;37.08721
05.09.2012 21:27;Объект_2;55.62749;37.08721
05.09.2012 21:30;Объект_2;55.62749;37.08721
05.09.2012 21:32;Объект_2;55.62749;37.08721
05.09.2012 21:34;Объект_2;55.62749;37.08721
05.09.2012 21:36;Объект_2;55.62749;37.08721
05.09.2012 21:41;Объект_2;55.62749;37.08721
05.09.2012 21:42;Объект_2;55.62749;37.08721
05.09.2012 23:08;Объект_1;55.88085;37.70183
06.09.2012 01:09;Объект_1;55.87205;37.68766
06.09.2012 01:10;Объект_1;55.87205;37.68766
06.09.2012 01:19;Объект_1;55.87205;37.68766
06.09.2012 01:26;Объект_1;55.8806;37.70185
06.09.2012 01:47;Объект_1;55.87205;37.68766
06.09.2012 01:49;Объект_1;55.87205;37.68766
06.09.2012 01:51;Объект_1;55.88085;37.70183
06.09.2012 07:29;Объект_2;55.62429;37.09819
06.09.2012 08:17;Объект_2;55.6803;37.29087
06.09.2012 08:24;Объект_2;55.6803;37.29087
06.09.2012 08:25;Объект_2;55.6803;37.29087
06.09.2012 08:28;Объект_2;55.6803;37.29087
06.09.2012 08:44;Объект_1;55.87205;37.68766
06.09.2012 08:51;Объект_2;55.70458;37.3603
06.09.2012 08:52;Объект_2;55.70458;37.3603
06.09.2012 08:53;Объект_2;55.70458;37.3603
06.09.2012 09:14;Объект_2;55.7223;37.4346
06.09.2012 09:16;Объект_2;55.7223;37.4346
06.09.2012 09:29;Объект_2;55.73033;37.50856
06.09.2012 09:30;Объект_2;55.73957;37.53155
06.09.2012 09:31;Объект_2;55.74623;37.54652
06.09.2012 09:44;Объект_2;55.76338;37.59465
06.09.2012 09:46;Объект_2;55.76338;37.59465
06.09.2012 09:54;Объект_2;55.76364;37.59091
06.09.2012 09:56;Объект_2;55.76364;37.59091
06.09.2012 09:59;Объект_2;55.76364;37.59091
06.09.2012 10:01;Объект_2;55.76364;37.59091
06.09.2012 10:10;Объект_2;55.76364;37.59091
06.09.2012 10:12;Объект_2;55.76364;37.59091
06.09.2012 10:19;Объект_2;55.76338;37.59465
06.09.2012 10:20;Объект_2;55.76338;37.59465
06.09.2012 10:22;Объект_2;55.76374;37.59077
06.09.2012 10:26;Объект_2;55.75711;37.61404
06.09.2012 10:27;Объект_2;55.75844;37.61893
06.09.2012 10:29;Объект_2;55.755;37.5497
06.09.2012 10:37;Объект_2;55.74089;37.60023
06.09.2012 10:37;Объект_2;55.74518;37.60456
06.09.2012 10:41;Объект_2;55.74089;37.60023
06.09.2012 10:56;Объект_2;55.73297;37.60293
06.09.2012 11:00;Объект_2;55.75082;37.58554
06.09.2012 11:01;Объект_2;55.75085;37.58556
06.09.2012 11:02;Объект_2;55.75024;37.58546
06.09.2012 11:06;Объект_2;55.74623;37.54652
06.09.2012 11:12;Объект_2;55.75085;37.58556
06.09.2012 11:16;Объект_2;55.7578;37.60126
06.09.2012 11:30;Объект_2;55.77827;37.58687
06.09.2012 11:31;Объект_2;55.77843;37.58818
06.09.2012 11:35;Объект_2;55.77782;37.58847
06.09.2012 11:42;Объект_2;55.77782;37.58847
06.09.2012 11:45;Объект_2;55.77782;37.58847
06.09.2012 12:06;Объект_2;55.77125;37.59218
06.09.2012 12:07;Объект_2;55.77125;37.59218
06.09.2012 12:26;Объект_2;55.7592;37.58922
06.09.2012 12:35;Объект_2;55.7592;37.58922
06.09.2012 12:42;Объект_2;55.7592;37.58922
06.09.2012 12:43;Объект_2;55.7592;37.58922
06.09.2012 12:51;Объект_2;55.7592;37.58922
06.09.2012 12:57;Объект_2;55.7592;37.58922
06.09.2012 12:58;Объект_2;55.7592;37.58922
06.09.2012 13:17;Объект_2;55.75791;37.58522
06.09.2012 13:25;Объект_2;55.75791;37.58522
06.09.2012 13:26;Объект_1;55.87205;37.68766
06.09.2012 13:39;Объект_2;55.75791;37.58522
06.09.2012 13:46;Объект_2;55.7592;37.58922
06.09.2012 13:47;Объект_2;55.75701;37.5886
06.09.2012 13:48;Объект_2;55.7592;37.58922
06.09.2012 13:51;Объект_2;55.75765;37.58359
06.09.2012 13:54;Объект_2;55.73957;37.53155
06.09.2012 13:55;Объект_2;55.73664;37.50339
06.09.2012 13:56;Объект_2;55.73175;37.48849
06.09.2012 13:57;Объект_2;55.73128;37.48789
06.09.2012 13:59;Объект_2;55.72863;37.45883
06.09.2012 14:01;Объект_2;55.73855;37.44187
06.09.2012 14:02;Объект_2;55.74298;37.42238
06.09.2012 14:03;Объект_2;55.74713;37.42327
06.09.2012 14:04;Объект_1;55.87205;37.68766
06.09.2012 14:04;Объект_2;55.7531;37.41181
06.09.2012 14:05;Объект_2;55.76153;37.40726
06.09.2012 14:12;Объект_2;55.74472;37.30278
06.09.2012 14:13;Объект_2;55.74472;37.30278
06.09.2012 14:14;Объект_2;55.7386;37.27277
06.09.2012 14:15;Объект_2;55.7386;37.27277
06.09.2012 14:27;Объект_2;55.7386;37.27277
06.09.2012 14:28;Объект_2;55.7386;37.27277
06.09.2012 14:29;Объект_2;55.7386;37.27277
06.09.2012 14:30;Объект_2;55.73666;37.25193
06.09.2012 14:33;Объект_2;55.74361;37.23666
06.09.2012 14:34;Объект_2;55.74361;37.23666
06.09.2012 14:35;Объект_2;55.75749;37.23778
06.09.2012 14:36;Объект_2;55.75749;37.23778
06.09.2012 14:45;Объект_2;55.79943;37.30916
06.09.2012 14:46;Объект_2;55.80722;37.33639
06.09.2012 14:47;Объект_2;55.80722;37.33639
06.09.2012 14:48;Объект_2;55.80722;37.33639
06.09.2012 14:50;Объект_2;55.81432;37.36513
06.09.2012 14:53;Объект_2;55.81432;37.36513
06.09.2012 14:53;Объект_2;55.82027;37.33666
06.09.2012 14:55;Объект_2;55.81432;37.36513
06.09.2012 14:59;Объект_2;55.81432;37.36513
06.09.2012 15:00;Объект_2;55.82027;37.33666
06.09.2012 15:01;Объект_2;55.82027;37.33666
06.09.2012 15:01;Объект_2;55.82548;37.33874
06.09.2012 15:02;Объект_2;55.82027;37.33666
06.09.2012 15:04;Объект_2;55.83193;37.33832
06.09.2012 15:07;Объект_2;55.81256;37.33057
06.09.2012 15:07;Объект_2;55.83193;37.33832
06.09.2012 15:08;Объект_2;55.83193;37.33832
06.09.2012 15:11;Объект_2;55.83198;37.35467
06.09.2012 15:20;Объект_2;55.83198;37.35467
06.09.2012 15:37;Объект_2;55.83898;37.34904
06.09.2012 15:41;Объект_1;55.87205;37.68766
06.09.2012 15:41;Объект_2;55.82548;37.33874
06.09.2012 15:43;Объект_2;55.82027;37.33666
06.09.2012 15:45;Объект_2;55.82027;37.33666
06.09.2012 15:53;Объект_2;55.80722;37.33639
06.09.2012 16:02;Объект_1;55.87205;37.68766
06.09.2012 16:22;Объект_2;55.71889;37.12889
06.09.2012 16:29;Объект_2;55.68582;37.08472
06.09.2012 16:32;Объект_1;55.87205;37.68766
06.09.2012 16:32;Объект_2;55.66582;37.0806
06.09.2012 16:35;Объект_2;55.59477;37.30049
06.09.2012 16:36;Объект_2;55.59477;37.30049
06.09.2012 16:39;Объект_2;55.62749;37.08721
06.09.2012 16:42;Объект_1;55.87205;37.68766
06.09.2012 16:44;Объект_2;55.62749;37.08721
06.09.2012 16:47;Объект_2;55.62749;37.08721
06.09.2012 16:49;Объект_2;55.62749;37.08721
06.09.2012 17:01;Объект_1;55.87205;37.68766
06.09.2012 17:05;Объект_2;55.62749;37.08721
06.09.2012 17:07;Объект_2;55.63277;37.125
06.09.2012 17:11;Объект_2;55.62749;37.08721
06.09.2012 17:17;Объект_2;55.62749;37.08721
06.09.2012 17:18;Объект_2;55.62749;37.08721
06.09.2012 17:20;Объект_2;55.62749;37.08721
06.09.2012 18:10;Объект_2;55.69527;37.42515
06.09.2012 18:12;Объект_2;55.69527;37.42515
06.09.2012 18:16;Объект_2;55.70109;37.4271
06.09.2012 18:29;Объект_2;55.70109;37.4271
06.09.2012 18:36;Объект_1;55.87205;37.68766
06.09.2012 18:43;Объект_2;55.70082;37.42707
06.09.2012 18:48;Объект_2;55.70814;37.40792
06.09.2012 18:49;Объект_2;55.70595;37.40554
06.09.2012 18:55;Объект_2;55.69812;37.39562
06.09.2012 19:01;Объект_2;55.70664;37.3937
06.09.2012 19:06;Объект_2;55.75506;37.37957
06.09.2012 19:07;Объект_2;55.7722;37.37191
06.09.2012 19:08;Объект_1;55.87205;37.68766
06.09.2012 19:14;Объект_2;55.75999;37.34888
06.09.2012 19:15;Объект_2;55.75999;37.34888
06.09.2012 19:17;Объект_2;55.75289;37.33732
06.09.2012 19:23;Объект_1;55.8806;37.70185
06.09.2012 19:28;Объект_2;55.72417;37.28443
06.09.2012 19:30;Объект_1;55.88085;37.70183
06.09.2012 19:31;Объект_2;55.71971;37.29167
06.09.2012 19:31;Объект_2;55.72417;37.28443
06.09.2012 19:33;Объект_1;55.8806;37.70185
06.09.2012 19:35;Объект_1;55.88085;37.70183
06.09.2012 19:36;Объект_2;55.69403;37.27035
06.09.2012 19:47;Объект_2;55.68833;37.32389
06.09.2012 19:48;Объект_2;55.68201;37.30728
06.09.2012 19:52;Объект_2;55.68201;37.30728
06.09.2012 19:53;Объект_2;55.68201;37.30728
06.09.2012 19:55;Объект_1;55.87205;37.68766
06.09.2012 19:55;Объект_2;55.68201;37.30728
06.09.2012 20:49;Объект_1;55.84882;37.5889
06.09.2012 21:03;Объект_2;55.66638;37.3186
06.09.2012 21:05;Объект_2;55.68201;37.30728
06.09.2012 21:10;Объект_2;55.6803;37.29087
06.09.2012 21:11;Объект_2;55.6803;37.29087
06.09.2012 21:18;Объект_2;55.6803;37.29087
06.09.2012 21:35;Объект_2;55.6803;37.29087
06.09.2012 22:22;Объект_1;55.83148;37.53553
06.09.2012 22:33;Объект_1;55.83148;37.53553
06.09.2012 22:34;Объект_1;55.83148;37.53553
07.09.2012 04:28;Объект_1;55.80289;37.63917
07.09.2012 04:49;Объект_1;55.87205;37.68766
07.09.2012 04:56;Объект_1;55.87205;37.68766
07.09.2012 08:26;Объект_2;55.71916;37.18166
07.09.2012 08:29;Объект_2;55.69721;37.21777
07.09.2012 08:41;Объект_2;55.67276;37.27978
07.09.2012 08:50;Объект_2;55.68166;37.27167
07.09.2012 08:53;Объект_2;55.6803;37.29087
07.09.2012 08:55;Объект_2;55.68166;37.27167
07.09.2012 09:24;Объект_2;55.68777;37.30112
07.09.2012 09:30;Объект_1;55.87205;37.68766
07.09.2012 09:32;Объект_2;55.71213;37.38331
07.09.2012 10:00;Объект_2;55.81774;37.39374
07.09.2012 10:19;Объект_2;55.81774;37.39374
07.09.2012 10:20;Объект_2;55.81584;37.38154
07.09.2012 10:20;Объект_2;55.81774;37.39374
07.09.2012 10:21;Объект_2;55.81584;37.38154
07.09.2012 10:23;Объект_2;55.81584;37.38154
07.09.2012 10:25;Объект_2;55.81584;37.38154
07.09.2012 10:26;Объект_2;55.81913;37.38916
07.09.2012 10:30;Объект_2;55.81913;37.38916
07.09.2012 10:31;Объект_2;55.81774;37.39374
07.09.2012 10:33;Объект_2;55.81774;37.39374
07.09.2012 10:36;Объект_2;55.81774;37.39374
07.09.2012 10:37;Объект_2;55.81774;37.39374
07.09.2012 10:39;Объект_2;55.80971;37.38582
07.09.2012 10:43;Объект_2;55.76567;37.3823
07.09.2012 10:47;Объект_2;55.75289;37.33732
07.09.2012 10:49;Объект_2;55.74473;37.30101
07.09.2012 10:52;Объект_2;55.7386;37.27277
07.09.2012 10:58;Объект_2;55.73666;37.25193
07.09.2012 11:00;Объект_2;55.73805;37.25
07.09.2012 11:03;Объект_2;55.73666;37.25193
07.09.2012 11:07;Объект_2;55.73666;37.25193
07.09.2012 11:08;Объект_2;55.73805;37.25
07.09.2012 11:09;Объект_2;55.73666;37.25193
07.09.2012 11:09;Объект_2;55.73805;37.25
07.09.2012 11:16;Объект_2;55.73666;37.25193
07.09.2012 11:21;Объект_2;55.73666;37.25193
07.09.2012 11:24;Объект_2;55.73666;37.25193
07.09.2012 11:32;Объект_2;55.73666;37.25193
07.09.2012 11:33;Объект_2;55.73666;37.25193
07.09.2012 11:39;Объект_2;55.73666;37.25193
07.09.2012 11:41;Объект_2;55.73666;37.25193
07.09.2012 11:42;Объект_2;55.73666;37.25193
07.09.2012 11:44;Объект_2;55.73666;37.25193
07.09.2012 11:50;Объект_2;55.73666;37.25193
07.09.2012 11:52;Объект_2;55.73666;37.25193
07.09.2012 11:56;Объект_2;55.73666;37.25193
07.09.2012 12:09;Объект_2;55.73666;37.25193
07.09.2012 12:27;Объект_2;55.73666;37.25193
07.09.2012 13:14;Объект_2;55.73666;37.25193
07.09.2012 13:16;Объект_2;55.73666;37.25193
07.09.2012 13:21;Объект_2;55.75056;37.28499
07.09.2012 13:23;Объект_2;55.72417;37.28443
07.09.2012 13:29;Объект_2;55.68666;37.29082
07.09.2012 13:43;Объект_2;55.665;37.2336
07.09.2012 14:04;Объект_2;55.62749;37.08721
07.09.2012 14:10;Объект_2;55.62749;37.08721
07.09.2012 14:13;Объект_2;55.62749;37.08721
07.09.2012 14:18;Объект_2;55.62749;37.08721
07.09.2012 14:20;Объект_2;55.62749;37.08721
07.09.2012 14:41;Объект_2;55.62749;37.08721
07.09.2012 15:18;Объект_1;55.87205;37.68766
07.09.2012 15:24;Объект_2;55.62749;37.08721
07.09.2012 15:31;Объект_2;55.62749;37.08721
07.09.2012 15:40;Объект_2;55.64305;37.1086
07.09.2012 15:41;Объект_2;55.64305;37.1086
07.09.2012 15:42;Объект_2;55.59477;37.30049
07.09.2012 15:44;Объект_2;55.59477;37.30049
07.09.2012 15:53;Объект_1;55.87205;37.68766
07.09.2012 16:09;Объект_2;55.72557;37.16016
07.09.2012 16:13;Объект_1;55.80295;37.63917
07.09.2012 16:13;Объект_2;55.71916;37.18166
07.09.2012 16:14;Объект_1;55.80295;37.63917
07.09.2012 16:18;Объект_1;55.80786;37.63808
07.09.2012 16:22;Объект_2;55.72557;37.16016
07.09.2012 16:25;Объект_2;55.72557;37.16016
07.09.2012 16:26;Объект_1;55.80295;37.63917
07.09.2012 16:28;Объект_1;55.80295;37.63917
07.09.2012 16:28;Объект_1;55.80786;37.63808
07.09.2012 16:34;Объект_1;55.80786;37.63808
07.09.2012 16:35;Объект_1;55.80786;37.63808
07.09.2012 16:38;Объект_1;55.80295;37.63917
07.09.2012 16:44;Объект_1;55.80786;37.63808
07.09.2012 16:47;Объект_1;55.80791;37.63742
07.09.2012 16:52;Объект_1;55.80295;37.63917
07.09.2012 16:53;Объект_1;55.80295;37.63917
07.09.2012 16:56;Объект_1;55.80295;37.63917
07.09.2012 17:02;Объект_1;55.80295;37.63917
07.09.2012 17:18;Объект_2;55.72557;37.16016
07.09.2012 17:27;Объект_1;55.80295;37.63917
07.09.2012 17:40;Объект_1;55.80295;37.63917
07.09.2012 17:50;Объект_1;55.80295;37.63917
07.09.2012 17:51;Объект_2;55.72943;37.21889
07.09.2012 17:53;Объект_2;55.71926;37.17811
07.09.2012 17:55;Объект_2;55.72557;37.16016
07.09.2012 17:56;Объект_2;55.72557;37.16016
07.09.2012 17:58;Объект_2;55.71889;37.12889
07.09.2012 18:00;Объект_2;55.71083;37.10778
07.09.2012 18:01;Объект_2;55.74333;37.0586
07.09.2012 18:02;Объект_1;55.77659;37.52501
07.09.2012 18:04;Объект_1;55.81159;37.5876
07.09.2012 18:05;Объект_1;55.81159;37.5876
07.09.2012 18:06;Объект_2;55.71083;37.10778
07.09.2012 18:07;Объект_1;55.81159;37.5876
07.09.2012 18:17;Объект_2;55.64305;37.1086
07.09.2012 18:19;Объект_2;55.64305;37.1086
07.09.2012 18:20;Объект_1;55.83961;37.55167
07.09.2012 18:21;Объект_2;55.64305;37.1086
07.09.2012 18:26;Объект_2;55.64305;37.1086
07.09.2012 18:28;Объект_2;55.64305;37.1086
07.09.2012 18:56;Объект_1;55.83148;37.53553
07.09.2012 18:56;Объект_2;55.62749;37.08721
07.09.2012 19:06;Объект_1;55.83148;37.53553
07.09.2012 19:12;Объект_1;55.83148;37.53553
07.09.2012 20:01;Объект_2;55.62749;37.08721
07.09.2012 20:07;Объект_2;55.62749;37.08721
07.09.2012 20:16;Объект_2;55.62749;37.08721
07.09.2012 20:17;Объект_2;55.62749;37.08721
07.09.2012 20:43;Объект_2;55.62749;37.08721
07.09.2012 20:46;Объект_2;55.63277;37.125
07.09.2012 20:47;Объект_2;55.62749;37.08721
07.09.2012 20:48;Объект_1;55.83148;37.53553
07.09.2012 20:48;Объект_2;55.62749;37.08721
07.09.2012 20:49;Объект_2;55.62749;37.08721
07.09.2012 21:24;Объект_1;55.74348;37.58847
07.09.2012 22:03;Объект_2;55.62749;37.08721
07.09.2012 22:15;Объект_1;55.84532;37.57556
07.09.2012 22:38;Объект_1;55.87205;37.68766
07.09.2012 23:06;Объект_1;55.87205;37.68766
07.09.2012 23:07;Объект_1;55.87205;37.68766
08.09.2012 03:08;Объект_1;55.87205;37.68766
08.09.2012 03:10;Объект_1;55.88359;37.68429
08.09.2012 09:54;Объект_2;55.62749;37.08721
08.09.2012 09:55;Объект_2;55.62749;37.08721
08.09.2012 10:55;Объект_2;55.9645;37.32959
08.09.2012 12:10;Объект_2;55.62749;37.08721
08.09.2012 12:21;Объект_2;55.62749;37.08721
08.09.2012 12:28;Объект_2;55.62749;37.08721
08.09.2012 12:46;Объект_2;55.63281;37.20328
08.09.2012 12:53;Объект_2;55.66638;37.3186
08.09.2012 12:56;Объект_2;55.68201;37.30728
08.09.2012 13:07;Объект_2;55.6803;37.29087
08.09.2012 13:20;Объект_2;55.6803;37.29087
08.09.2012 13:21;Объект_2;55.6803;37.29087
08.09.2012 13:27;Объект_2;55.6803;37.29087
08.09.2012 14:14;Объект_2;55.6803;37.29087
08.09.2012 14:25;Объект_2;55.70458;37.3603
08.09.2012 14:33;Объект_2;55.70261;37.35138
08.09.2012 14:38;Объект_1;55.88085;37.70183
08.09.2012 14:41;Объект_2;55.70257;37.35969
08.09.2012 14:52;Объект_2;55.70257;37.35969
08.09.2012 14:53;Объект_2;55.70257;37.35969
08.09.2012 15:03;Объект_2;55.70458;37.3603
08.09.2012 15:19;Объект_1;55.87205;37.68766
08.09.2012 15:33;Объект_2;55.70592;37.40731
08.09.2012 15:50;Объект_2;55.70458;37.3603
08.09.2012 15:56;Объект_2;55.70458;37.3603
08.09.2012 15:57;Объект_2;55.70458;37.3603
08.09.2012 16:07;Объект_2;55.64833;37.2611
08.09.2012 16:22;Объект_2;55.62749;37.08721
08.09.2012 16:30;Объект_1;55.87205;37.68766
08.09.2012 16:33;Объект_2;55.62749;37.08721
08.09.2012 16:38;Объект_1;55.87205;37.68766
08.09.2012 16:39;Объект_1;55.87205;37.68766
08.09.2012 16:41;Объект_1;55.8806;37.70185
08.09.2012 16:42;Объект_1;55.88085;37.70183
08.09.2012 16:57;Объект_2;55.65557;37.211
08.09.2012 17:01;Объект_1;55.87205;37.68766
08.09.2012 17:15;Объект_1;55.8806;37.70185
08.09.2012 17:25;Объект_1;55.8806;37.70185
08.09.2012 17:39;Объект_1;55.8806;37.70185
08.09.2012 17:40;Объект_2;55.70109;37.4271
08.09.2012 17:42;Объект_1;55.87205;37.68766
08.09.2012 18:15;Объект_2;55.70111;37.42533
08.09.2012 18:24;Объект_2;55.70109;37.4271
08.09.2012 18:25;Объект_2;55.70111;37.42533
08.09.2012 18:54;Объект_1;55.87205;37.68766
08.09.2012 18:59;Объект_2;55.68777;37.30112
08.09.2012 19:06;Объект_1;55.88085;37.70183
08.09.2012 19:07;Объект_1;55.88085;37.70183
08.09.2012 19:07;Объект_2;55.68777;37.30112
08.09.2012 19:08;Объект_1;55.88085;37.70183
08.09.2012 19:17;Объект_1;55.87205;37.68766
08.09.2012 19:41;Объект_2;55.62749;37.08721
08.09.2012 20:09;Объект_1;55.87205;37.68766
08.09.2012 20:10;Объект_2;55.62749;37.08721
08.09.2012 20:14;Объект_2;55.62749;37.08721
08.09.2012 20:15;Объект_2;55.62749;37.08721
08.09.2012 20:56;Объект_2;55.62749;37.08721
08.09.2012 21:01;Объект_1;55.88359;37.68429
08.09.2012 21:01;Объект_2;55.62749;37.08721
08.09.2012 21:12;Объект_2;55.62749;37.08721
08.09.2012 21:45;Объект_1;55.76303;37.61885
08.09.2012 21:46;Объект_1;55.76303;37.61885
08.09.2012 21:53;Объект_1;55.76258;37.61457
08.09.2012 22:40;Объект_1;55.76266;37.61449
08.09.2012 23:09;Объект_2;55.62749;37.08721
08.09.2012 23:11;Объект_1;55.76266;37.61449
09.09.2012 00:43;Объект_1;55.72713;37.56565
09.09.2012 00:51;Объект_1;55.62749;37.08721
09.09.2012 01:04;Объект_1;55.62749;37.08721
09.09.2012 04:29;Объект_1;55.87205;37.68766
09.09.2012 04:35;Объект_1;55.87205;37.68766
09.09.2012 10:50;Объект_2;55.62429;37.09819
09.09.2012 11:22;Объект_2;55.62429;37.09819
09.09.2012 11:27;Объект_2;55.62749;37.08721
09.09.2012 11:30;Объект_2;55.62749;37.08721
09.09.2012 11:33;Объект_2;55.62749;37.08721
09.09.2012 11:56;Объект_2;55.62749;37.08721
09.09.2012 12:18;Объект_2;55.62749;37.08721
09.09.2012 12:31;Объект_2;55.62749;37.08721
09.09.2012 12:38;Объект_2;55.62749;37.08721
09.09.2012 13:14;Объект_2;55.63277;37.125
09.09.2012 13:24;Объект_2;55.62749;37.08721
09.09.2012 13:57;Объект_2;55.68833;37.32389
09.09.2012 14:08;Объект_2;55.70261;37.35138
09.09.2012 14:32;Объект_2;55.70257;37.35969
09.09.2012 14:37;Объект_2;55.70257;37.35969
09.09.2012 14:57;Объект_2;55.70257;37.35969
09.09.2012 15:06;Объект_1;55.88085;37.70183
09.09.2012 15:10;Объект_1;55.87205;37.68766
09.09.2012 15:13;Объект_1;55.87205;37.68766
09.09.2012 15:13;Объект_2;55.70261;37.35138
09.09.2012 15:15;Объект_2;55.70458;37.3603
09.09.2012 15:20;Объект_2;55.6803;37.29087
09.09.2012 15:31;Объект_2;55.71916;37.18166
09.09.2012 15:37;Объект_2;55.71916;37.18166
09.09.2012 15:40;Объект_2;55.71916;37.18166
09.09.2012 15:41;Объект_2;55.72557;37.16016
09.09.2012 16:26;Объект_2;55.71083;37.10778
09.09.2012 16:28;Объект_2;55.71083;37.10778
09.09.2012 16:34;Объект_2;55.66582;37.0806
09.09.2012 16:35;Объект_2;55.64305;37.1086
09.09.2012 16:48;Объект_2;55.62749;37.08721
09.09.2012 16:49;Объект_2;55.62749;37.08721
09.09.2012 16:50;Объект_2;55.62749;37.08721
09.09.2012 17:34;Объект_2;55.58819;37.11417
09.09.2012 17:58;Объект_2;55.58819;37.11417
09.09.2012 18:13;Объект_1;55.62749;37.08721
09.09.2012 20:45;Объект_1;55.62749;37.08721
09.09.2012 20:52;Объект_1;55.62749;37.08721
09.09.2012 23:43;Объект_1;55.87205;37.68766
10.09.2012 00:02;Объект_1;55.87205;37.68766
10.09.2012 01:53;Объект_1;55.87205;37.68766
10.09.2012 08:47;Объект_2;55.6803;37.29087
10.09.2012 08:48;Объект_2;55.6803;37.29087
10.09.2012 08:53;Объект_2;55.6803;37.29087
10.09.2012 09:05;Объект_2;55.6803;37.29087
10.09.2012 09:09;Объект_2;55.68666;37.29082
10.09.2012 09:12;Объект_2;55.6803;37.29087
10.09.2012 09:14;Объект_2;55.6803;37.29087
10.09.2012 09:25;Объект_2;55.68777;37.30112
10.09.2012 09:43;Объект_2;55.6803;37.29087
10.09.2012 09:44;Объект_2;55.6803;37.29087
10.09.2012 09:55;Объект_2;55.6803;37.29087
10.09.2012 10:07;Объект_2;55.6803;37.29087
10.09.2012 10:08;Объект_2;55.6803;37.29087
10.09.2012 10:09;Объект_2;55.6803;37.29087
10.09.2012 10:22;Объект_2;55.6803;37.29087
10.09.2012 10:27;Объект_2;55.6803;37.29087
10.09.2012 10:29;Объект_2;55.6803;37.29087
10.09.2012 10:32;Объект_2;55.6803;37.29087
10.09.2012 10:36;Объект_2;55.6803;37.29087
10.09.2012 10:52;Объект_2;55.6803;37.29087
10.09.2012 10:52;Объект_2;55.68666;37.29082
10.09.2012 10:53;Объект_2;55.68666;37.29082
10.09.2012 10:56;Объект_2;55.68666;37.29082
10.09.2012 10:57;Объект_2;55.68666;37.29082
10.09.2012 11:05;Объект_2;55.68166;37.27167
10.09.2012 11:06;Объект_2;55.68166;37.27167
10.09.2012 11:12;Объект_2;55.6803;37.29087
10.09.2012 11:12;Объект_2;55.68166;37.27167
10.09.2012 11:12;Объект_2;55.68666;37.29082
10.09.2012 11:16;Объект_2;55.68666;37.29082
10.09.2012 11:17;Объект_2;55.68666;37.29082
10.09.2012 11:20;Объект_2;55.68666;37.29082
10.09.2012 11:22;Объект_2;55.68666;37.29082
10.09.2012 11:29;Объект_2;55.6803;37.29087
10.09.2012 11:30;Объект_2;55.68666;37.29082
10.09.2012 11:36;Объект_2;55.6803;37.29087
10.09.2012 11:42;Объект_2;55.6803;37.29087
10.09.2012 11:43;Объект_2;55.67276;37.27978
10.09.2012 11:44;Объект_2;55.67276;37.27978
10.09.2012 11:48;Объект_2;55.665;37.2336
10.09.2012 11:49;Объект_2;55.665;37.2336
10.09.2012 11:50;Объект_2;55.66167;37.18471
10.09.2012 11:50;Объект_2;55.665;37.2336
10.09.2012 11:51;Объект_2;55.65557;37.211
10.09.2012 11:52;Объект_2;55.65557;37.211
10.09.2012 11:57;Объект_2;58.6693;37.25109
10.09.2012 12:00;Объект_2;55.61888;37.13471
10.09.2012 12:01;Объект_2;55.62749;37.08721
10.09.2012 12:04;Объект_2;55.62749;37.08721
10.09.2012 12:06;Объект_2;55.62749;37.08721
10.09.2012 12:07;Объект_2;55.62749;37.08721
10.09.2012 12:08;Объект_2;55.62749;37.08721
10.09.2012 12:09;Объект_2;55.61888;37.13471
10.09.2012 12:10;Объект_2;55.62583;37.18444
10.09.2012 12:11;Объект_2;58.6693;37.25109
10.09.2012 12:12;Объект_2;58.6693;37.25109
10.09.2012 12:14;Объект_2;55.6328;37.2033
10.09.2012 12:15;Объект_2;55.6486;37.27009
10.09.2012 12:16;Объект_2;55.64834;37.25933
10.09.2012 12:16;Объект_2;55.6486;37.27009
10.09.2012 12:17;Объект_2;55.6486;37.27009
10.09.2012 12:18;Объект_2;55.6486;37.27009
10.09.2012 12:19;Объект_2;55.6486;37.27009
10.09.2012 12:21;Объект_2;55.6486;37.27009
10.09.2012 12:22;Объект_2;55.66638;37.3186
10.09.2012 12:32;Объект_2;55.70458;37.3603
10.09.2012 12:34;Объект_2;55.70458;37.3603
10.09.2012 12:35;Объект_2;55.70261;37.35138
10.09.2012 12:42;Объект_2;55.70458;37.3603
10.09.2012 12:43;Объект_2;55.71775;37.38613
10.09.2012 12:43;Объект_2;55.72372;37.38792
10.09.2012 12:44;Объект_2;55.71675;37.40245
10.09.2012 12:45;Объект_2;55.71678;37.40292
10.09.2012 12:45;Объект_2;55.7186;37.41551
10.09.2012 12:48;Объект_2;55.7223;37.4346
10.09.2012 12:49;Объект_2;55.72863;37.45883
10.09.2012 12:58;Объект_2;55.74518;37.56771
10.09.2012 13:02;Объект_2;55.74499;37.56888
10.09.2012 13:05;Объект_1;55.87205;37.68766
10.09.2012 13:14;Объект_2;55.74499;37.56888
10.09.2012 13:17;Объект_2;55.74499;37.56888
10.09.2012 13:23;Объект_2;55.74499;37.56888
10.09.2012 13:34;Объект_2;55.74468;37.56832
10.09.2012 13:48;Объект_1;55.87205;37.68766
10.09.2012 13:55;Объект_2;55.74468;37.56832
10.09.2012 13:58;Объект_2;55.74468;37.56832
10.09.2012 14:05;Объект_1;55.87205;37.68766
10.09.2012 14:11;Объект_1;55.87205;37.68766
10.09.2012 14:11;Объект_2;55.74499;37.56888
10.09.2012 14:12;Объект_2;55.74174;37.56858
10.09.2012 14:14;Объект_2;55.74468;37.56832
10.09.2012 14:17;Объект_2;55.74219;37.55863
10.09.2012 14:17;Объект_2;55.74402;37.56179
10.09.2012 14:19;Объект_2;55.74219;37.55863
10.09.2012 14:20;Объект_2;55.74402;37.56179
10.09.2012 14:21;Объект_2;55.74402;37.56179
10.09.2012 14:25;Объект_2;55.74402;37.56179
10.09.2012 14:26;Объект_2;55.74219;37.55863
10.09.2012 14:29;Объект_2;55.74219;37.55863
10.09.2012 14:29;Объект_2;55.74402;37.56179
10.09.2012 14:30;Объект_2;55.74219;37.55863
10.09.2012 14:31;Объект_2;55.74219;37.55863
10.09.2012 14:35;Объект_2;55.74219;37.55863
10.09.2012 14:37;Объект_2;55.74402;37.56179
10.09.2012 14:38;Объект_2;55.74402;37.56179
10.09.2012 14:40;Объект_2;55.74402;37.56179
10.09.2012 14:41;Объект_2;55.74393;37.56357
10.09.2012 14:42;Объект_2;55.74393;37.56357
10.09.2012 14:50;Объект_2;55.74499;37.56888
10.09.2012 14:54;Объект_2;55.74499;37.56888
10.09.2012 14:58;Объект_2;55.74219;37.55863
10.09.2012 14:59;Объект_2;55.74219;37.55863
10.09.2012 15:02;Объект_2;55.74219;37.55863
10.09.2012 15:03;Объект_2;55.74219;37.55863
10.09.2012 15:20;Объект_2;55.74219;37.55863
10.09.2012 15:29;Объект_2;55.74219;37.55863
10.09.2012 15:30;Объект_2;55.74222;37.55686
10.09.2012 15:34;Объект_2;55.74402;37.56179
10.09.2012 15:35;Объект_2;55.74399;37.55335
10.09.2012 15:36;Объект_2;55.74623;37.54652
10.09.2012 15:36;Объект_2;55.74888;37.5595
10.09.2012 15:45;Объект_1;55.87205;37.68766
10.09.2012 15:50;Объект_2;55.7186;37.41551
10.09.2012 15:53;Объект_1;55.82209;37.64661
10.09.2012 15:53;Объект_2;55.71675;37.40245
10.09.2012 15:56;Объект_2;55.70458;37.3603
10.09.2012 15:58;Объект_2;55.68833;37.32389
10.09.2012 15:59;Объект_2;55.68833;37.32389
10.09.2012 16:01;Объект_2;55.6803;37.29087
10.09.2012 16:08;Объект_2;55.67276;37.27978
10.09.2012 16:09;Объект_2;55.67276;37.27978
10.09.2012 16:18;Объект_2;55.67276;37.27978
10.09.2012 16:26;Объект_2;55.67276;37.27978
10.09.2012 16:29;Объект_2;55.67276;37.27978
10.09.2012 16:39;Объект_2;55.67276;37.27978
10.09.2012 16:44;Объект_2;55.67276;37.27978
10.09.2012 16:47;Объект_2;55.67276;37.27978
10.09.2012 16:50;Объект_2;55.67276;37.27978
10.09.2012 16:52;Объект_1;55.79092;37.64738
10.09.2012 16:52;Объект_2;55.67276;37.27978
10.09.2012 16:55;Объект_2;55.67276;37.27978
10.09.2012 16:58;Объект_2;55.67276;37.27978
10.09.2012 16:59;Объект_1;55.79225;37.63755
10.09.2012 17:01;Объект_2;55.67276;37.27978
10.09.2012 17:03;Объект_2;55.64833;37.2611
10.09.2012 17:11;Объект_2;55.67276;37.27978
10.09.2012 17:12;Объект_2;55.67276;37.27978
10.09.2012 17:13;Объект_2;55.67276;37.27978
10.09.2012 17:14;Объект_1;55.80664;37.58718
10.09.2012 17:14;Объект_1;55.80669;37.58893
10.09.2012 17:15;Объект_1;55.81809;37.57917
10.09.2012 17:18;Объект_2;55.67276;37.27978
10.09.2012 17:22;Объект_2;55.67276;37.27978
10.09.2012 17:23;Объект_2;55.67276;37.27978
10.09.2012 17:24;Объект_2;55.67276;37.27978
10.09.2012 17:27;Объект_2;55.67276;37.27978
10.09.2012 17:28;Объект_2;55.67276;37.27978
10.09.2012 17:29;Объект_2;55.67276;37.27978
10.09.2012 17:32;Объект_2;55.67276;37.27978
10.09.2012 17:35;Объект_1;55.83148;37.53553
10.09.2012 17:36;Объект_2;55.67276;37.27978
10.09.2012 17:37;Объект_2;55.67276;37.27978
10.09.2012 17:38;Объект_2;55.67276;37.27978
10.09.2012 17:39;Объект_2;55.67276;37.27978
10.09.2012 17:40;Объект_2;55.67276;37.27978
10.09.2012 17:41;Объект_2;55.67276;37.27978
10.09.2012 17:42;Объект_2;55.67276;37.27978
10.09.2012 17:48;Объект_1;55.83148;37.53553
10.09.2012 17:52;Объект_1;55.83148;37.53553
10.09.2012 17:56;Объект_1;55.83148;37.53553
10.09.2012 17:57;Объект_2;55.67276;37.27978
10.09.2012 17:59;Объект_1;55.83148;37.53553
10.09.2012 17:59;Объект_2;55.67276;37.27978
10.09.2012 18:01;Объект_2;55.67276;37.27978
10.09.2012 18:02;Объект_2;55.67276;37.27978
10.09.2012 18:03;Объект_2;55.67276;37.27978
10.09.2012 18:05;Объект_2;55.67276;37.27978
10.09.2012 18:08;Объект_2;55.67276;37.27978
10.09.2012 18:09;Объект_1;55.83148;37.53553
10.09.2012 18:13;Объект_1;55.83148;37.53553
10.09.2012 18:22;Объект_2;55.6803;37.29087
10.09.2012 18:23;Объект_2;55.6803;37.29087
10.09.2012 18:25;Объект_1;55.83148;37.53553
10.09.2012 18:25;Объект_2;55.6803;37.29087
10.09.2012 18:26;Объект_1;55.83148;37.53553
10.09.2012 18:28;Объект_2;55.6803;37.29087
10.09.2012 18:31;Объект_2;55.66361;37.2703
10.09.2012 18:32;Объект_1;55.83148;37.53553
10.09.2012 18:33;Объект_1;55.83148;37.53553
10.09.2012 18:43;Объект_1;55.83148;37.53553
10.09.2012 22:54;Объект_1;55.82632;37.57355
10.09.2012 22:54;Объект_2;55.62749;37.08721
10.09.2012 23:39;Объект_1;55.79726;37.60013
10.09.2012 23:40;Объект_1;55.78958;37.59474
10.09.2012 23:48;Объект_1;55.8647;37.67612
10.09.2012 23:49;Объект_1;55.8647;37.67612
11.09.2012 00:02;Объект_1;55.8806;37.70185
11.09.2012 00:34;Объект_1;55.87205;37.68766
11.09.2012 05:24;Объект_1;55.87205;37.68766
11.09.2012 06:06;Объект_1;55.87205;37.68766
11.09.2012 07:20;Объект_1;55.87205;37.68766
11.09.2012 07:32;Объект_1;55.87205;37.68766
11.09.2012 07:37;Объект_1;55.87205;37.68766
11.09.2012 07:42;Объект_1;55.87205;37.68766
11.09.2012 07:43;Объект_1;55.88085;37.70183
11.09.2012 08:02;Объект_2;55.6803;37.29087
11.09.2012 08:11;Объект_1;55.87205;37.68766
11.09.2012 08:34;Объект_2;55.68833;37.32389
11.09.2012 08:47;Объект_2;55.71775;37.38613
11.09.2012 08:52;Объект_2;55.71775;37.38613
11.09.2012 08:56;Объект_2;55.7186;37.41551
11.09.2012 09:09;Объект_2;55.7186;37.41551
11.09.2012 09:18;Объект_2;55.7186;37.41551
11.09.2012 09:18;Объект_2;55.72229;37.43431
11.09.2012 09:38;Объект_2;55.74623;37.54652
11.09.2012 09:39;Объект_2;55.74623;37.54652
11.09.2012 09:40;Объект_2;55.74613;37.54809
11.09.2012 09:52;Объект_2;55.75167;37.56768
11.09.2012 09:54;Объект_2;55.75167;37.56768
11.09.2012 09:56;Объект_2;55.75085;37.58556
11.09.2012 09:57;Объект_2;55.75085;37.58556
11.09.2012 09:58;Объект_2;55.75085;37.58556
11.09.2012 09:59;Объект_2;55.75291;37.595
11.09.2012 10:00;Объект_2;55.75291;37.595
11.09.2012 10:03;Объект_2;55.75301;37.60763
11.09.2012 10:04;Объект_2;55.74913;37.60873
11.09.2012 10:05;Объект_2;55.74913;37.60873
11.09.2012 10:06;Объект_2;55.74913;37.60873
11.09.2012 10:09;Объект_2;55.75914;37.6266
11.09.2012 10:11;Объект_2;55.75299;37.635
11.09.2012 10:12;Объект_2;55.75299;37.635
11.09.2012 10:27;Объект_2;55.75315;37.63763
11.09.2012 10:29;Объект_2;55.75315;37.63763
11.09.2012 10:30;Объект_2;55.75299;37.635
11.09.2012 10:35;Объект_2;55.76158;37.65126
11.09.2012 10:37;Объект_2;55.76607;37.63975
11.09.2012 10:38;Объект_2;55.76604;37.63513
11.09.2012 10:41;Объект_2;55.76688;37.62313
11.09.2012 10:45;Объект_2;55.75806;37.6015
11.09.2012 10:46;Объект_2;55.7578;37.60126
11.09.2012 10:50;Объект_2;55.76338;37.59465
11.09.2012 10:54;Объект_2;55.76338;37.59465
11.09.2012 11:11;Объект_2;55.76338;37.59465
11.09.2012 11:14;Объект_2;55.76338;37.59465
11.09.2012 11:15;Объект_2;55.76374;37.59077
11.09.2012 11:16;Объект_2;55.76871;37.59403
11.09.2012 11:22;Объект_2;55.75403;37.57891
11.09.2012 11:24;Объект_2;55.75403;37.57891
11.09.2012 11:40;Объект_2;55.75144;37.56761
11.09.2012 11:41;Объект_2;55.75144;37.56761
11.09.2012 11:49;Объект_2;55.75144;37.56761
11.09.2012 11:50;Объект_2;55.75144;37.56761
11.09.2012 11:59;Объект_2;55.75144;37.56761
11.09.2012 12:14;Объект_2;55.75152;37.56713
11.09.2012 12:15;Объект_2;55.74613;37.54809
11.09.2012 12:18;Объект_2;55.73802;37.51478
11.09.2012 12:31;Объект_1;55.8806;37.70185
11.09.2012 12:31;Объект_2;55.74287;37.51398
11.09.2012 12:32;Объект_2;55.74332;37.50281
11.09.2012 12:34;Объект_2;55.73429;37.49486
11.09.2012 12:35;Объект_2;55.73878;37.48625
11.09.2012 12:36;Объект_2;55.73207;37.49085
11.09.2012 12:37;Объект_2;55.73128;37.48789
11.09.2012 12:39;Объект_2;55.72863;37.45883
11.09.2012 12:40;Объект_2;55.7186;37.41551
11.09.2012 12:41;Объект_2;55.7186;37.41551
11.09.2012 12:42;Объект_2;55.71678;37.40292
11.09.2012 12:45;Объект_2;55.71775;37.38613
11.09.2012 12:56;Объект_2;55.68777;37.30112
11.09.2012 13:03;Объект_2;55.68666;37.29082
11.09.2012 13:06;Объект_1;55.87205;37.68766
11.09.2012 13:07;Объект_1;55.87205;37.68766
11.09.2012 13:12;Объект_2;55.68166;37.27167
11.09.2012 13:32;Объект_2;55.68166;37.27167
11.09.2012 13:33;Объект_2;55.68166;37.27167
11.09.2012 13:38;Объект_2;55.68166;37.27167
11.09.2012 13:41;Объект_2;55.68166;37.27167
11.09.2012 13:44;Объект_2;55.68166;37.27167
11.09.2012 14:03;Объект_2;55.67276;37.27978
11.09.2012 14:08;Объект_2;55.68166;37.27167
11.09.2012 14:08;Объект_2;55.68666;37.29082
11.09.2012 14:09;Объект_2;55.68666;37.29082
11.09.2012 14:14;Объект_2;55.68666;37.29082
11.09.2012 14:16;Объект_2;55.68666;37.29082
11.09.2012 14:17;Объект_2;55.68666;37.29082
11.09.2012 14:19;Объект_2;55.68666;37.29082
11.09.2012 14:24;Объект_2;55.68666;37.29082
11.09.2012 14:25;Объект_2;55.68666;37.29082
11.09.2012 14:26;Объект_2;55.68777;37.30112
11.09.2012 14:29;Объект_2;55.68833;37.32389
11.09.2012 14:30;Объект_2;55.68719;37.34484
11.09.2012 14:31;Объект_2;55.68719;37.34484
11.09.2012 14:32;Объект_2;55.68719;37.34484
11.09.2012 14:32;Объект_2;55.70458;37.3603
11.09.2012 14:34;Объект_2;55.70458;37.3603
11.09.2012 14:37;Объект_2;55.71675;37.40245
11.09.2012 14:38;Объект_2;55.71675;37.40245
11.09.2012 14:39;Объект_2;55.7186;37.41551
11.09.2012 14:40;Объект_2;55.7186;37.41551
11.09.2012 14:42;Объект_2;55.7186;37.41551
11.09.2012 14:43;Объект_2;55.7186;37.41551
11.09.2012 14:44;Объект_2;55.72253;37.42316
11.09.2012 14:49;Объект_2;55.73207;37.49085
11.09.2012 14:53;Объект_2;55.74518;37.56771
11.09.2012 14:55;Объект_2;55.74402;37.56179
11.09.2012 14:56;Объект_2;55.74219;37.55863
11.09.2012 14:57;Объект_2;55.74393;37.56357
11.09.2012 14:58;Объект_2;55.74393;37.56357
11.09.2012 15:01;Объект_2;55.73447;37.56971
11.09.2012 15:18;Объект_2;55.74219;37.55863
11.09.2012 15:18;Объект_2;55.74222;37.55686
11.09.2012 15:39;Объект_2;55.74219;37.55863
11.09.2012 15:45;Объект_2;55.74219;37.55863
11.09.2012 15:46;Объект_2;55.74219;37.55863
11.09.2012 15:54;Объект_2;55.74222;37.55686
11.09.2012 16:02;Объект_2;55.73648;37.56332
11.09.2012 16:02;Объект_2;55.74399;37.55335
11.09.2012 16:06;Объект_1;55.87205;37.68766
11.09.2012 16:06;Объект_2;55.74402;37.56179
11.09.2012 16:07;Объект_2;55.74402;37.56179
11.09.2012 16:09;Объект_2;55.74402;37.56179
11.09.2012 16:15;Объект_2;55.74219;37.55863
11.09.2012 16:19;Объект_2;55.74219;37.55863
11.09.2012 16:20;Объект_1;55.8806;37.70185
11.09.2012 16:24;Объект_1;55.87205;37.68766
11.09.2012 16:29;Объект_2;55.73128;37.48789
11.09.2012 16:30;Объект_2;55.73128;37.48789
11.09.2012 16:35;Объект_2;55.72863;37.45883
11.09.2012 16:37;Объект_2;55.73855;37.44187
11.09.2012 16:40;Объект_2;55.75308;37.41247
11.09.2012 16:42;Объект_2;55.7531;37.41181
11.09.2012 16:44;Объект_1;55.87205;37.68766
11.09.2012 16:45;Объект_1;55.87205;37.68766
11.09.2012 16:48;Объект_1;55.87205;37.68766
11.09.2012 16:48;Объект_2;55.76567;37.3823
11.09.2012 17:04;Объект_2;55.76343;37.3721
11.09.2012 17:06;Объект_1;55.8806;37.70185
11.09.2012 17:13;Объект_1;55.87205;37.68766
11.09.2012 17:17;Объект_2;55.76567;37.3823
11.09.2012 17:18;Объект_2;55.76567;37.3823
11.09.2012 17:20;Объект_1;55.87205;37.68766
11.09.2012 17:26;Объект_2;55.7386;37.27277
11.09.2012 17:26;Объект_2;55.74472;37.30278
11.09.2012 17:30;Объект_1;55.87205;37.68766
11.09.2012 17:33;Объект_1;55.87205;37.68766
11.09.2012 17:42;Объект_2;55.72943;37.21889
11.09.2012 17:47;Объект_1;55.79327;37.63325
11.09.2012 17:50;Объект_1;55.78162;37.63513
11.09.2012 17:51;Объект_1;55.78165;37.63336
11.09.2012 17:51;Объект_2;55.71916;37.18166
11.09.2012 17:53;Объект_2;55.72557;37.16016
11.09.2012 18:03;Объект_2;55.69406;37.14107
11.09.2012 18:07;Объект_2;55.69406;37.14107
11.09.2012 18:09;Объект_2;55.69406;37.14107
11.09.2012 18:10;Объект_2;55.69406;37.14107
11.09.2012 18:12;Объект_2;55.69637;37.15203
11.09.2012 18:14;Объект_2;55.69406;37.14107
11.09.2012 18:18;Объект_2;55.68625;37.14345
11.09.2012 18:19;Объект_2;55.69406;37.14107
11.09.2012 18:21;Объект_2;55.69406;37.14107
11.09.2012 18:23;Объект_1;55.73685;37.65061
11.09.2012 18:32;Объект_2;55.69637;37.15203
11.09.2012 18:37;Объект_1;55.7322;37.64065
11.09.2012 18:41;Объект_2;55.68625;37.14345
11.09.2012 18:42;Объект_1;55.7322;37.64065
11.09.2012 18:51;Объект_2;55.59477;37.30049
11.09.2012 18:54;Объект_2;55.64305;37.1086
11.09.2012 18:56;Объект_2;55.64305;37.1086
11.09.2012 18:57;Объект_1;55.73331;37.64342
11.09.2012 18:58;Объект_1;55.73331;37.64342
11.09.2012 18:59;Объект_2;55.62429;37.09819
11.09.2012 19:00;Объект_2;55.62429;37.09819
11.09.2012 19:02;Объект_1;55.73331;37.64342
11.09.2012 19:02;Объект_2;55.62429;37.09819
11.09.2012 19:03;Объект_2;55.62429;37.09819
11.09.2012 19:19;Объект_1;55.7322;37.64065
11.09.2012 19:20;Объект_2;55.62749;37.08721
11.09.2012 19:24;Объект_1;55.7322;37.64065
11.09.2012 19:25;Объект_2;55.62749;37.08721
11.09.2012 19:26;Объект_1;55.73331;37.64342
11.09.2012 19:26;Объект_2;55.62749;37.08721
11.09.2012 19:27;Объект_2;55.62749;37.08721
11.09.2012 19:28;Объект_2;55.62749;37.08721
11.09.2012 19:29;Объект_2;55.62749;37.08721
11.09.2012 19:31;Объект_2;55.62749;37.08721
11.09.2012 19:33;Объект_1;55.72496;37.6394
11.09.2012 19:33;Объект_2;55.62749;37.08721
11.09.2012 19:39;Объект_2;55.62749;37.08721
11.09.2012 19:46;Объект_1;55.7322;37.64065
11.09.2012 19:54;Объект_2;55.62749;37.08721
11.09.2012 19:55;Объект_2;55.62749;37.08721
11.09.2012 20:00;Объект_2;55.62749;37.08721
11.09.2012 20:06;Объект_2;55.62749;37.08721
11.09.2012 20:07;Объект_2;55.62749;37.08721
11.09.2012 20:29;Объект_2;55.62749;37.08721
11.09.2012 20:30;Объект_2;55.62749;37.08721
11.09.2012 20:42;Объект_2;55.62749;37.08721
11.09.2012 20:45;Объект_1;55.7322;37.64065
11.09.2012 20:48;Объект_2;55.62749;37.08721
11.09.2012 20:58;Объект_2;55.62749;37.08721
11.09.2012 21:00;Объект_1;55.72922;37.63927
11.09.2012 21:01;Объект_1;55.74305;37.6561
11.09.2012 21:01;Объект_2;55.62749;37.08721
11.09.2012 21:19;Объект_1;55.80295;37.63917
11.09.2012 21:32;Объект_1;55.80295;37.63917
11.09.2012 21:35;Объект_1;55.80295;37.63917
11.09.2012 21:40;Объект_1;55.80289;37.63917
11.09.2012 21:44;Объект_1;55.81558;37.63964
11.09.2012 22:16;Объект_1;55.87205;37.68766
11.09.2012 22:18;Объект_1;55.87205;37.68766
11.09.2012 22:37;Объект_1;55.87205;37.68766
12.09.2012 00:26;Объект_1;55.87205;37.68766
12.09.2012 08:01;Объект_2;55.6803;37.29087
12.09.2012 08:29;Объект_2;55.68777;37.30112
12.09.2012 08:32;Объект_1;55.87205;37.68766
12.09.2012 08:55;Объект_2;55.70458;37.3603
12.09.2012 09:05;Объект_2;55.7186;37.41551
12.09.2012 09:06;Объект_2;55.7186;37.41551
12.09.2012 09:20;Объект_2;55.73133;37.4881
12.09.2012 09:23;Объект_2;55.73207;37.49085
12.09.2012 09:26;Объект_1;55.87205;37.68766
12.09.2012 09:43;Объект_2;55.75605;37.59925
12.09.2012 09:47;Объект_2;55.76338;37.59465
12.09.2012 09:50;Объект_2;55.76338;37.59465
12.09.2012 10:00;Объект_2;55.76338;37.59465
12.09.2012 10:27;Объект_1;55.86637;37.66609
12.09.2012 10:28;Объект_1;55.86637;37.66609
12.09.2012 10:31;Объект_2;55.76338;37.59465
12.09.2012 10:40;Объект_1;55.86637;37.66609
12.09.2012 10:41;Объект_2;55.76522;37.58663
12.09.2012 10:49;Объект_2;55.76374;37.59077
12.09.2012 10:50;Объект_2;55.76374;37.59077
12.09.2012 10:52;Объект_2;55.76374;37.59077
12.09.2012 10:53;Объект_2;55.76374;37.59077
12.09.2012 11:10;Объект_2;55.76374;37.59077
12.09.2012 11:12;Объект_1;55.76376;37.59075
12.09.2012 11:20;Объект_2;55.76374;37.59077
12.09.2012 11:22;Объект_1;55.76376;37.59075
12.09.2012 11:24;Объект_2;55.76374;37.59077
12.09.2012 11:25;Объект_2;55.76374;37.59077
12.09.2012 11:27;Объект_2;55.76861;37.59389
12.09.2012 11:29;Объект_2;55.76374;37.59077
12.09.2012 11:36;Объект_2;55.75189;37.5671
12.09.2012 11:39;Объект_2;55.75189;37.5671
12.09.2012 11:41;Объект_2;55.75473;37.55971
12.09.2012 11:47;Объект_2;55.75152;37.56739
12.09.2012 11:49;Объект_2;55.75473;37.55971
12.09.2012 11:58;Объект_2;55.74893;37.55965
12.09.2012 11:59;Объект_1;55.74877;37.59317
12.09.2012 12:33;Объект_1;55.75791;37.66072
12.09.2012 12:34;Объект_2;55.75189;37.5671
12.09.2012 12:35;Объект_2;55.75152;37.56739
12.09.2012 12:36;Объект_2;55.75152;37.56739
12.09.2012 12:43;Объект_2;55.71559;37.57545
12.09.2012 12:52;Объект_2;55.70003;37.61745
12.09.2012 12:57;Объект_2;55.7051;37.6221
12.09.2012 13:00;Объект_2;55.6925;37.62268
12.09.2012 13:01;Объект_2;55.69583;37.62532
12.09.2012 13:04;Объект_2;55.68597;37.62373
12.09.2012 13:07;Объект_2;55.68597;37.62373
12.09.2012 13:13;Объект_2;55.69574;37.62535
12.09.2012 13:14;Объект_1;55.75791;37.66072
12.09.2012 13:14;Объект_2;55.69216;37.62448
12.09.2012 13:19;Объект_1;55.75791;37.66072
12.09.2012 13:19;Объект_2;55.68597;37.62373
12.09.2012 13:21;Объект_2;55.68597;37.62373
12.09.2012 13:33;Объект_2;55.68597;37.62373
12.09.2012 13:34;Объект_2;55.68597;37.62373
12.09.2012 13:36;Объект_2;55.68236;37.61981
12.09.2012 13:37;Объект_1;55.75791;37.66072
12.09.2012 13:38;Объект_2;55.68674;37.62353
12.09.2012 13:39;Объект_2;55.6925;37.62268
12.09.2012 13:39;Объект_2;55.69583;37.62532
12.09.2012 13:40;Объект_2;55.7051;37.6221
12.09.2012 13:42;Объект_2;55.70003;37.61745
12.09.2012 13:43;Объект_2;55.70623;37.59145
12.09.2012 13:43;Объект_2;55.70653;37.58982
12.09.2012 13:46;Объект_2;55.73339;37.54856
12.09.2012 13:49;Объект_2;55.74623;37.54652
12.09.2012 13:52;Объект_2;55.74402;37.56179
12.09.2012 13:55;Объект_1;55.75791;37.66072
12.09.2012 13:59;Объект_2;55.74402;37.56179
12.09.2012 14:01;Объект_2;55.74402;37.56179
12.09.2012 14:03;Объект_2;55.74402;37.56179
12.09.2012 14:06;Объект_1;55.76057;37.66461
12.09.2012 14:06;Объект_2;55.74402;37.56179
12.09.2012 14:11;Объект_2;55.74402;37.56179
12.09.2012 14:14;Объект_2;55.74402;37.56179
12.09.2012 14:21;Объект_2;55.74393;37.56357
12.09.2012 14:26;Объект_2;55.74901;37.55944
12.09.2012 14:34;Объект_2;55.71669;37.53461
12.09.2012 14:39;Объект_2;55.70458;37.57406
12.09.2012 14:41;Объект_2;55.7042;37.57339
12.09.2012 15:00;Объект_2;55.68298;37.55334
12.09.2012 15:01;Объект_2;55.68298;37.55334
12.09.2012 15:03;Объект_2;55.67647;37.5473
12.09.2012 15:04;Объект_2;55.69065;37.5633
12.09.2012 15:07;Объект_2;55.67134;37.55606
12.09.2012 15:09;Объект_2;55.67134;37.55606
12.09.2012 15:10;Объект_2;55.67134;37.55606
12.09.2012 15:13;Объект_1;55.76148;37.61949
12.09.2012 15:16;Объект_2;55.67134;37.55606
12.09.2012 15:33;Объект_2;55.67332;37.56251
12.09.2012 15:45;Объект_1;55.76438;37.6178
12.09.2012 16:02;Объект_1;55.76251;37.62157
12.09.2012 16:06;Объект_2;55.67332;37.56251
12.09.2012 16:11;Объект_2;55.67332;37.56251
12.09.2012 16:14;Объект_1;55.76148;37.61949
12.09.2012 16:15;Объект_2;55.67332;37.56251
12.09.2012 16:17;Объект_2;55.68003;37.5713
12.09.2012 16:20;Объект_2;55.68558;37.57399
12.09.2012 16:25;Объект_2;55.70639;37.59093
12.09.2012 16:37;Объект_1;55.76057;37.62187
12.09.2012 16:45;Объект_2;55.76514;37.53298
12.09.2012 16:45;Объект_2;55.77388;37.54798
12.09.2012 16:48;Объект_2;55.77645;37.55181
12.09.2012 16:49;Объект_2;55.77904;37.56138
12.09.2012 16:57;Объект_2;55.78461;37.5709
12.09.2012 17:05;Объект_2;55.78479;37.57148
12.09.2012 17:06;Объект_2;55.78479;37.57148
12.09.2012 17:15;Объект_2;55.78479;37.57148
12.09.2012 17:18;Объект_2;55.78479;37.57148
12.09.2012 17:22;Объект_2;55.78479;37.57148
12.09.2012 17:32;Объект_2;55.78479;37.57148
12.09.2012 17:37;Объект_1;55.82907;37.65269
12.09.2012 17:44;Объект_1;55.84468;37.66828
12.09.2012 17:44;Объект_1;55.8647;37.67612
12.09.2012 17:45;Объект_1;55.8689;37.67877
12.09.2012 17:46;Объект_1;55.8689;37.67877
12.09.2012 17:47;Объект_1;55.8689;37.67877
12.09.2012 18:01;Объект_2;55.78461;37.5709
12.09.2012 18:01;Объект_2;55.78482;37.57106
12.09.2012 18:02;Объект_2;55.78482;37.57106
12.09.2012 18:03;Объект_2;55.78377;37.56197
12.09.2012 18:04;Объект_2;55.78482;37.57106
12.09.2012 18:06;Объект_2;55.77904;37.56138
12.09.2012 18:07;Объект_2;55.77904;37.56138
12.09.2012 18:08;Объект_2;55.77388;37.54798
12.09.2012 18:12;Объект_2;55.76885;37.51488
12.09.2012 18:14;Объект_2;55.77919;37.44934
12.09.2012 18:15;Объект_1;55.87205;37.68766
12.09.2012 18:19;Объект_2;55.77051;37.42422
12.09.2012 18:19;Объект_2;55.77079;37.42332
12.09.2012 18:24;Объект_1;55.87205;37.68766
12.09.2012 18:24;Объект_2;55.77079;37.42332
12.09.2012 18:29;Объект_2;55.77076;37.42509
12.09.2012 18:34;Объект_2;55.77051;37.42422
12.09.2012 18:40;Объект_2;55.77238;37.41006
12.09.2012 18:41;Объект_2;55.77238;37.41006
12.09.2012 18:46;Объект_2;55.78802;37.38399
12.09.2012 18:58;Объект_1;55.87205;37.68766
12.09.2012 18:59;Объект_1;55.87205;37.68766
12.09.2012 19:02;Объект_1;55.87205;37.68766
12.09.2012 19:03;Объект_2;55.80971;37.38582
12.09.2012 19:07;Объект_2;55.81774;37.39374
12.09.2012 19:14;Объект_1;55.8693;37.67927
12.09.2012 19:36;Объект_1;55.83494;37.57361
12.09.2012 19:39;Объект_2;55.81913;37.38916
12.09.2012 20:01;Объект_2;55.81913;37.38916
12.09.2012 20:13;Объект_2;55.8078;37.39365
12.09.2012 20:16;Объект_2;55.79052;37.35549
12.09.2012 20:17;Объект_1;55.83494;37.57361
12.09.2012 20:23;Объект_2;55.79943;37.30916
12.09.2012 20:31;Объект_2;55.79943;37.30916
12.09.2012 20:37;Объект_1;55.78958;37.59474
12.09.2012 20:43;Объект_2;55.80554;37.30525
12.09.2012 20:49;Объект_1;55.76089;37.62638
12.09.2012 20:49;Объект_2;55.80554;37.30525
12.09.2012 20:51;Объект_2;55.80554;37.30525
12.09.2012 20:52;Объект_2;55.80554;37.30525
12.09.2012 20:53;Объект_2;55.79999;37.28065
12.09.2012 20:56;Объект_1;55.75943;37.62358
12.09.2012 20:56;Объект_2;55.77835;37.25072
12.09.2012 21:01;Объект_2;55.80054;37.32038
12.09.2012 21:08;Объект_2;55.7722;37.37191
12.09.2012 21:09;Объект_2;55.7722;37.37191
12.09.2012 21:11;Объект_2;55.76343;37.3721
12.09.2012 21:54;Объект_2;55.6803;37.29087
12.09.2012 21:56;Объект_2;55.6803;37.29087
12.09.2012 21:58;Объект_2;55.6803;37.29087
12.09.2012 22:01;Объект_2;55.6803;37.29087
12.09.2012 22:07;Объект_1;55.87205;37.68766
12.09.2012 22:23;Объект_2;55.6803;37.29087
12.09.2012 22:43;Объект_1;55.87205;37.68766
12.09.2012 23:51;Объект_1;55.87205;37.68766
13.09.2012 00:09;Объект_1;55.88085;37.70183
13.09.2012 07:29;Объект_2;55.62749;37.08721
13.09.2012 07:35;Объект_2;55.5553;37.33599
13.09.2012 07:42;Объект_2;55.64833;37.2611
13.09.2012 07:54;Объект_2;55.6803;37.29087
13.09.2012 08:44;Объект_2;55.6803;37.29087
13.09.2012 08:51;Объект_2;55.6803;37.29087
13.09.2012 08:52;Объект_2;55.6803;37.29087
13.09.2012 09:21;Объект_2;55.6803;37.29087
13.09.2012 09:22;Объект_2;55.68666;37.29082
13.09.2012 09:27;Объект_1;55.87205;37.68766
13.09.2012 09:41;Объект_2;55.6803;37.29087
13.09.2012 10:06;Объект_2;55.71775;37.38613
13.09.2012 10:07;Объект_2;55.71229;37.38161
13.09.2012 10:09;Объект_2;55.71675;37.40245
13.09.2012 10:11;Объект_1;55.87205;37.68766
13.09.2012 10:17;Объект_2;55.7186;37.41551
13.09.2012 10:19;Объект_2;55.7223;37.4346
13.09.2012 10:20;Объект_2;55.7223;37.4346
13.09.2012 10:29;Объект_2;55.73128;37.48789
13.09.2012 10:44;Объект_2;55.75254;37.59965
13.09.2012 10:45;Объект_1;55.87205;37.68766
13.09.2012 10:45;Объект_2;55.74884;37.60459
13.09.2012 10:47;Объект_2;55.7578;37.60126
13.09.2012 10:48;Объект_2;55.7578;37.60126
13.09.2012 10:49;Объект_2;55.7578;37.60126
13.09.2012 10:50;Объект_2;55.76036;37.59931
13.09.2012 10:51;Объект_2;55.76338;37.59465
13.09.2012 10:53;Объект_2;55.76338;37.59465
13.09.2012 10:58;Объект_2;55.76338;37.59465
13.09.2012 11:09;Объект_2;55.76338;37.59465
13.09.2012 11:25;Объект_2;55.76338;37.59465
13.09.2012 11:28;Объект_2;55.76338;37.59465
13.09.2012 11:29;Объект_2;55.76338;37.59465
13.09.2012 11:31;Объект_2;55.76338;37.59465
13.09.2012 11:32;Объект_2;55.76338;37.59465
13.09.2012 11:33;Объект_2;55.76338;37.59465
13.09.2012 11:36;Объект_2;55.76338;37.59465
13.09.2012 11:43;Объект_1;55.87205;37.68766
13.09.2012 11:48;Объект_2;55.76338;37.59465
13.09.2012 11:51;Объект_2;55.76338;37.59465
13.09.2012 12:07;Объект_2;55.73255;37.53577
13.09.2012 12:09;Объект_2;55.73128;37.48789
13.09.2012 12:12;Объект_2;55.7186;37.41551
13.09.2012 12:15;Объект_2;55.7186;37.41551
13.09.2012 12:17;Объект_2;55.71229;37.38161
13.09.2012 12:18;Объект_2;55.71775;37.38613
13.09.2012 12:24;Объект_2;55.68201;37.30728
13.09.2012 12:28;Объект_1;55.88085;37.70183
13.09.2012 12:30;Объект_2;55.68777;37.30112
13.09.2012 12:31;Объект_1;55.87205;37.68766
13.09.2012 12:31;Объект_2;55.68777;37.30112
13.09.2012 12:36;Объект_1;55.87205;37.68766
13.09.2012 12:37;Объект_2;55.6765;37.26805
13.09.2012 12:41;Объект_1;55.88085;37.70183
13.09.2012 12:41;Объект_2;55.69721;37.21777
13.09.2012 12:45;Объект_2;55.71916;37.18166
13.09.2012 12:50;Объект_2;55.72943;37.21889
13.09.2012 12:51;Объект_2;55.72943;37.21889
13.09.2012 12:53;Объект_2;55.72943;37.21889
13.09.2012 12:54;Объект_2;55.72943;37.21889
13.09.2012 12:55;Объект_2;55.72943;37.21889
13.09.2012 12:57;Объект_2;55.72943;37.21889
13.09.2012 13:03;Объект_2;55.72943;37.21889
13.09.2012 13:15;Объект_2;55.72943;37.21889
13.09.2012 13:47;Объект_2;55.72943;37.21889
13.09.2012 13:49;Объект_2;55.72943;37.21889
13.09.2012 13:50;Объект_2;55.72943;37.21889
13.09.2012 13:55;Объект_2;55.72943;37.21889
13.09.2012 13:58;Объект_1;55.87205;37.68766
13.09.2012 13:58;Объект_2;55.72943;37.21889
13.09.2012 14:05;Объект_2;55.72943;37.21889
13.09.2012 14:07;Объект_2;55.72943;37.21889
13.09.2012 14:11;Объект_2;55.72557;37.16016
13.09.2012 14:21;Объект_2;55.72557;37.16016
13.09.2012 14:22;Объект_1;55.86637;37.66609
13.09.2012 14:22;Объект_2;55.72557;37.16016
13.09.2012 14:24;Объект_1;55.86637;37.66609
13.09.2012 14:35;Объект_2;55.72557;37.16016
13.09.2012 14:40;Объект_1;55.8689;37.67877
13.09.2012 14:41;Объект_1;55.8647;37.67612
13.09.2012 14:43;Объект_1;55.84468;37.66828
13.09.2012 14:44;Объект_2;55.72557;37.16016
13.09.2012 14:46;Объект_2;55.72557;37.16016
13.09.2012 14:47;Объект_2;55.72557;37.16016
13.09.2012 14:48;Объект_1;55.84617;37.64229
13.09.2012 14:50;Объект_2;55.73722;37.23917
13.09.2012 14:51;Объект_2;55.73722;37.23917
13.09.2012 14:55;Объект_2;55.73666;37.25193
13.09.2012 14:59;Объект_2;55.73666;37.25193
13.09.2012 15:00;Объект_1;55.83507;37.57352
13.09.2012 15:02;Объект_2;55.73666;37.25193
13.09.2012 15:04;Объект_2;55.7386;37.27277
13.09.2012 15:10;Объект_2;55.7386;37.27277
13.09.2012 15:12;Объект_2;55.74472;37.30278
13.09.2012 15:14;Объект_2;55.74472;37.30278
13.09.2012 15:16;Объект_2;55.75289;37.33732
13.09.2012 15:20;Объект_1;55.82664;37.57365
13.09.2012 15:32;Объект_2;55.72893;37.45721
13.09.2012 15:38;Объект_1;55.82279;37.52696
13.09.2012 15:42;Объект_2;55.73128;37.48789
13.09.2012 15:44;Объект_2;55.73128;37.48789
13.09.2012 15:46;Объект_2;55.73262;37.48348
13.09.2012 15:49;Объект_1;55.82383;37.51996
13.09.2012 15:49;Объект_2;55.7316;37.48849
13.09.2012 15:54;Объект_2;55.7316;37.48849
13.09.2012 15:56;Объект_1;55.81546;37.51541
13.09.2012 15:57;Объект_2;55.7316;37.48849
13.09.2012 15:59;Объект_2;55.73262;37.48348
13.09.2012 16:01;Объект_2;55.73183;37.48901
13.09.2012 16:01;Объект_2;55.73207;37.49085
13.09.2012 16:05;Объект_2;55.74613;37.54809
13.09.2012 16:06;Объект_2;55.74518;37.56771
13.09.2012 16:07;Объект_2;55.74518;37.56771
13.09.2012 16:13;Объект_2;55.74219;37.55863
13.09.2012 16:17;Объект_2;55.74888;37.5595
13.09.2012 16:18;Объект_2;55.75167;37.56768
13.09.2012 16:20;Объект_1;55.76861;37.59389
13.09.2012 16:20;Объект_2;55.75288;37.57748
13.09.2012 16:21;Объект_2;55.75288;37.57748
13.09.2012 16:25;Объект_2;55.75291;37.595
13.09.2012 16:26;Объект_2;55.75233;37.59938
13.09.2012 16:27;Объект_2;55.75233;37.59938
13.09.2012 16:28;Объект_2;55.74913;37.60873
13.09.2012 16:33;Объект_2;55.75315;37.63763
13.09.2012 16:34;Объект_2;55.75315;37.63763
13.09.2012 16:36;Объект_1;55.74468;37.56832
13.09.2012 16:37;Объект_2;55.75299;37.635
13.09.2012 16:40;Объект_2;55.75315;37.63763
13.09.2012 16:46;Объект_1;55.74174;37.56858
13.09.2012 16:46;Объект_2;55.75299;37.635
13.09.2012 16:48;Объект_1;55.74468;37.56832
13.09.2012 16:49;Объект_2;55.75299;37.635
13.09.2012 16:51;Объект_1;55.74468;37.56832
13.09.2012 16:51;Объект_2;55.75299;37.635
13.09.2012 16:52;Объект_1;55.74468;37.56832
13.09.2012 16:52;Объект_2;55.75299;37.635
13.09.2012 16:53;Объект_2;55.75299;37.635
13.09.2012 17:32;Объект_1;55.74488;37.56964
13.09.2012 17:59;Объект_2;55.62172;35.80733
13.09.2012 18:00;Объект_2;55.75236;37.63534
13.09.2012 18:01;Объект_2;55.75315;37.63763
13.09.2012 18:03;Объект_2;55.75299;37.635
13.09.2012 18:07;Объект_2;55.75917;37.62693
13.09.2012 18:08;Объект_2;55.75917;37.62693
13.09.2012 18:09;Объект_2;55.75917;37.62693
13.09.2012 18:12;Объект_2;55.76232;37.63293
13.09.2012 18:13;Объект_2;55.7658;37.6337
13.09.2012 18:15;Объект_2;55.76577;37.63546
13.09.2012 18:19;Объект_2;55.76577;37.63546
13.09.2012 18:22;Объект_2;55.76604;37.63513
13.09.2012 18:23;Объект_2;55.76688;37.62313
13.09.2012 18:24;Объект_2;55.76583;37.62466
13.09.2012 18:27;Объект_2;55.76688;37.62313
13.09.2012 18:28;Объект_1;55.74499;37.56888
13.09.2012 18:31;Объект_1;55.74518;37.56771
13.09.2012 18:31;Объект_2;55.76504;37.61254
13.09.2012 18:33;Объект_1;55.74489;37.56787
13.09.2012 18:33;Объект_1;55.74518;37.56771
13.09.2012 18:35;Объект_1;55.74489;37.56787
13.09.2012 18:36;Объект_2;55.76472;37.60811
13.09.2012 18:37;Объект_2;55.76472;37.60811
13.09.2012 18:44;Объект_2;55.77098;37.59548
13.09.2012 18:48;Объект_2;55.77421;37.59006
13.09.2012 19:08;Объект_2;55.7783;37.58666
13.09.2012 19:12;Объект_2;55.77865;37.58691
13.09.2012 19:15;Объект_2;55.77553;37.58423
13.09.2012 19:15;Объект_2;55.77827;37.58687
13.09.2012 19:16;Объект_2;55.77827;37.58687
13.09.2012 19:20;Объект_2;55.77421;37.59006
13.09.2012 19:23;Объект_2;55.79375;37.54731
13.09.2012 19:24;Объект_2;55.79375;37.54731
13.09.2012 19:26;Объект_2;55.79026;37.54818
13.09.2012 19:29;Объект_2;55.78289;37.5274
13.09.2012 19:31;Объект_1;55.74499;37.56888
13.09.2012 19:38;Объект_1;55.74499;37.56888
13.09.2012 19:39;Объект_2;55.77956;37.5255
13.09.2012 19:42;Объект_1;55.74499;37.56888
13.09.2012 19:42;Объект_2;55.77956;37.5255
13.09.2012 19:45;Объект_1;55.74499;37.56888
13.09.2012 19:48;Объект_2;55.77058;37.50349
13.09.2012 19:48;Объект_2;55.77872;37.51301
13.09.2012 19:57;Объект_2;55.75233;37.45563
13.09.2012 19:58;Объект_2;55.75233;37.45563
13.09.2012 20:01;Объект_2;55.75455;37.43532
13.09.2012 20:02;Объект_2;55.74845;37.42396
13.09.2012 20:03;Объект_2;55.75453;37.43708
13.09.2012 20:07;Объект_1;55.74518;37.56771
13.09.2012 20:10;Объект_2;55.75453;37.43708
13.09.2012 20:12;Объект_1;55.73297;37.60293
13.09.2012 20:14;Объект_1;55.72998;37.61124
13.09.2012 20:16;Объект_1;55.72925;37.6375
13.09.2012 20:22;Объект_1;55.76123;37.65988
13.09.2012 20:25;Объект_1;55.76123;37.65988
13.09.2012 20:27;Объект_2;55.76345;37.37033
13.09.2012 20:28;Объект_2;55.76345;37.37033
13.09.2012 20:31;Объект_2;55.76343;37.3721
13.09.2012 20:34;Объект_1;55.76565;37.65413
13.09.2012 20:36;Объект_2;55.75289;37.33732
13.09.2012 20:38;Объект_1;55.78165;37.63336
13.09.2012 20:38;Объект_2;55.75001;37.32323
13.09.2012 20:40;Объект_2;55.75;37.325
13.09.2012 20:41;Объект_1;55.80289;37.63917
13.09.2012 20:41;Объект_2;55.74472;37.30278
13.09.2012 20:42;Объект_2;55.74472;37.30278
13.09.2012 20:45;Объект_2;55.7386;37.27277
13.09.2012 20:47;Объект_2;55.73666;37.25193
13.09.2012 20:48;Объект_2;55.73666;37.25193
13.09.2012 20:51;Объект_1;55.82907;37.65269
13.09.2012 20:59;Объект_2;55.72557;37.16016
13.09.2012 21:01;Объект_2;55.72557;37.16016
13.09.2012 21:08;Объект_1;55.8647;37.67612
13.09.2012 21:08;Объект_2;55.72557;37.16016
13.09.2012 21:09;Объект_1;55.8647;37.67612
13.09.2012 21:11;Объект_2;55.72557;37.16016
13.09.2012 21:12;Объект_2;55.72557;37.16016
13.09.2012 21:35;Объект_2;55.71916;37.18166
13.09.2012 21:36;Объект_2;55.71916;37.18166
13.09.2012 21:38;Объект_2;55.71916;37.18166
13.09.2012 21:54;Объект_1;55.88359;37.68429
13.09.2012 21:59;Объект_2;55.66582;37.0806
13.09.2012 22:09;Объект_1;55.87205;37.68766
13.09.2012 22:23;Объект_1;55.87205;37.68766
13.09.2012 22:49;Объект_1;55.87205;37.68766
13.09.2012 22:56;Объект_2;55.62749;37.08721
13.09.2012 23:33;Объект_1;55.88647;37.68939
13.09.2012 23:34;Объект_1;55.89621;37.66877
13.09.2012 23:37;Объект_1;55.88388;37.73666
14.09.2012 00:02;Объект_1;55.57027;37.59693
14.09.2012 00:05;Объект_1;55.55194;37.55902
14.09.2012 00:14;Объект_1;55.55194;37.55902
14.09.2012 00:24;Объект_1;55.57976;37.5917
14.09.2012 00:29;Объект_1;55.62165;37.48204
14.09.2012 00:33;Объект_1;55.61925;37.48857
14.09.2012 00:48;Объект_1;55.61925;37.48857
14.09.2012 00:55;Объект_1;55.63333;37.44028
14.09.2012 00:59;Объект_1;55.60775;37.35229
14.09.2012 01:02;Объект_1;55.5652;37.18078
14.09.2012 01:16;Объект_1;55.36861;36.80305
14.09.2012 02:39;Объект_1;55.57223;37.57325
14.09.2012 05:28;Объект_2;55.62749;37.08721
14.09.2012 05:40;Объект_1;55.59019;37.67181
14.09.2012 08:13;Объект_2;55.68666;37.29082
14.09.2012 08:16;Объект_2;55.6803;37.29087
14.09.2012 08:30;Объект_2;55.68777;37.30112
14.09.2012 08:37;Объект_2;55.68833;37.32389
14.09.2012 08:50;Объект_2;55.70458;37.3603
14.09.2012 08:55;Объект_2;55.71675;37.40245
14.09.2012 09:08;Объект_2;55.7186;37.41551
14.09.2012 09:15;Объект_2;55.7223;37.4346
14.09.2012 09:17;Объект_2;55.72863;37.45883
14.09.2012 09:35;Объект_2;55.75167;37.56768
14.09.2012 09:39;Объект_2;55.75085;37.58556
14.09.2012 09:39;Объект_1;55.5652;37.18078
14.09.2012 09:42;Объект_1;55.5652;37.18078
14.09.2012 09:46;Объект_2;55.7578;37.60126
14.09.2012 09:46;Объект_2;55.76338;37.59465
14.09.2012 09:47;Объект_2;55.76338;37.59465
14.09.2012 09:55;Объект_2;55.76374;37.59077
14.09.2012 10:09;Объект_2;55.76374;37.59077
14.09.2012 10:11;Объект_2;55.76374;37.59077
14.09.2012 10:15;Объект_2;55.76374;37.59077
14.09.2012 10:16;Объект_2;55.76374;37.59077
14.09.2012 10:20;Объект_2;55.76374;37.59077
14.09.2012 10:21;Объект_2;55.76374;37.59077
14.09.2012 10:22;Объект_2;55.76374;37.59077
14.09.2012 10:23;Объект_2;55.76374;37.59077
14.09.2012 10:47;Объект_2;55.76374;37.59077
14.09.2012 11:02;Объект_2;55.76374;37.59077
14.09.2012 11:04;Объект_2;55.76374;37.59077
14.09.2012 11:15;Объект_2;55.76374;37.59077
14.09.2012 11:18;Объект_2;55.76374;37.59077
14.09.2012 11:20;Объект_2;55.76374;37.59077
14.09.2012 11:33;Объект_2;55.76374;37.59077
14.09.2012 11:42;Объект_2;55.76374;37.59077
14.09.2012 11:44;Объект_2;55.76374;37.59077
14.09.2012 11:55;Объект_2;55.76374;37.59077
14.09.2012 12:10;Объект_2;55.76374;37.59077
14.09.2012 12:22;Объект_2;55.76374;37.59077
14.09.2012 12:24;Объект_2;55.76338;37.59465
14.09.2012 12:27;Объект_2;55.76374;37.59077
14.09.2012 12:37;Объект_2;55.78461;37.5709
14.09.2012 12:41;Объект_2;55.78482;37.57106
14.09.2012 12:42;Объект_2;55.78377;37.56197
14.09.2012 12:42;Объект_2;55.78482;37.57106
14.09.2012 12:45;Объект_2;55.78482;37.57106
14.09.2012 12:48;Объект_2;55.78377;37.56197
14.09.2012 12:48;Объект_2;55.78482;37.57106
14.09.2012 12:50;Объект_2;55.78377;37.56197
14.09.2012 12:52;Объект_2;55.78377;37.56197
14.09.2012 13:13;Объект_2;55.78461;37.5709
14.09.2012 13:15;Объект_2;55.78482;37.57106
14.09.2012 13:16;Объект_2;55.78482;37.57106
14.09.2012 13:17;Объект_2;55.77904;37.56138
14.09.2012 13:17;Объект_2;55.78377;37.56197
14.09.2012 13:18;Объект_2;55.77904;37.56138
14.09.2012 13:20;Объект_2;55.76108;37.52991
14.09.2012 13:36;Объект_2;55.80723;37.3346
14.09.2012 13:42;Объект_2;55.80554;37.30525
14.09.2012 13:47;Объект_2;55.80554;37.30525
14.09.2012 13:53;Объект_2;55.80554;37.30525
14.09.2012 13:54;Объект_2;55.80554;37.30525
14.09.2012 14:02;Объект_2;55.80554;37.30525
14.09.2012 14:06;Объект_2;55.80554;37.30525
14.09.2012 14:08;Объект_2;55.80554;37.30525
14.09.2012 14:23;Объект_2;55.80554;37.30525
14.09.2012 14:55;Объект_2;55.80554;37.30525
14.09.2012 15:00;Объект_2;55.80554;37.30525
14.09.2012 15:01;Объект_2;55.93188;38.61738
14.09.2012 15:03;Объект_2;55.80554;37.30525
14.09.2012 15:05;Объект_2;55.79264;37.37879
14.09.2012 15:06;Объект_2;55.78443;37.37149
14.09.2012 15:13;Объект_2;55.78443;37.37149
14.09.2012 15:15;Объект_2;55.78443;37.37149
14.09.2012 15:17;Объект_2;55.78443;37.37149
14.09.2012 15:27;Объект_2;55.78443;37.37149
14.09.2012 15:28;Объект_2;55.78443;37.37149
14.09.2012 15:37;Объект_2;55.78443;37.37149
14.09.2012 15:38;Объект_2;55.78443;37.37149
14.09.2012 15:43;Объект_2;55.72579;37.40036
14.09.2012 15:44;Объект_2;55.72383;37.38732
14.09.2012 15:45;Объект_2;55.72383;37.38732
14.09.2012 15:55;Объект_2;55.68201;37.30728
14.09.2012 16:00;Объект_2;55.66638;37.3186
14.09.2012 16:06;Объект_2;55.64833;37.2611
14.09.2012 16:42;Объект_2;55.62749;37.08721
14.09.2012 16:53;Объект_2;55.62749;37.08721
14.09.2012 17:05;Объект_2;55.62749;37.08721
14.09.2012 17:16;Объект_2;55.62749;37.08721
